Cliente_ID,Nome,Idade,Género,Cidade,Canal de Compra,Total de Compras,Imagem
1,Álvaro Andrade,18,F,Alcobaça,Online,739.81,https://randomuser.me/api/portraits/women/82.jpg
2,Henrique Batista,22,M,Ourique,Online,221.3,https://randomuser.me/api/portraits/women/72.jpg
3,Matilde Baptista-Monteiro,42,M,Velas,Física,722.39,https://randomuser.me/api/portraits/men/3.jpg
4,Camila Lopes,18,F,Arcos de Valdevez,Online,557.09,https://randomuser.me/api/portraits/women/36.jpg
5,Sandro do Soares,54,F,Murtosa,Online,419.87,https://randomuser.me/api/portraits/men/95.jpg
6,Mauro Garcia,65,M,Angra do Heroísmo,Física,357.61,https://randomuser.me/api/portraits/men/1.jpg
7,Erika Sousa,31,M,Oeiras,Física,272.26,https://randomuser.me/api/portraits/men/97.jpg
8,Leonor Loureiro,21,F,Cabeceiras de Basto,Online,347.04,https://randomuser.me/api/portraits/men/13.jpg
9,Sandro Gomes,70,M,Santa Cruz das Flores,Física,698.74,https://randomuser.me/api/portraits/men/5.jpg
10,Ivan Gonçalves,27,M,Trofa,Online,664.39,https://randomuser.me/api/portraits/women/1.jpg
11,Samuel do Maia,40,M,Cabeceiras de Basto,Física,719.02,https://randomuser.me/api/portraits/women/33.jpg
12,Irina Domingues,36,F,Portel,Física,871.41,https://randomuser.me/api/portraits/women/9.jpg
13,Nair Teixeira,68,M,Mértola,Física,102.97,https://randomuser.me/api/portraits/women/70.jpg
14,Luana-Jéssica Carneiro,22,F,Reguengos de Monsaraz,Física,873.54,https://randomuser.me/api/portraits/men/1.jpg
15,Erika Moura,58,F,Lagoa,Online,840.05,https://randomuser.me/api/portraits/men/23.jpg
16,Joel Carvalho,49,F,Santa Cruz das Flores,Online,325.02,https://randomuser.me/api/portraits/women/27.jpg
17,Ângelo Teixeira,68,F,Vila do Bispo,Online,884.97,https://randomuser.me/api/portraits/women/45.jpg
18,Fernando Marques,24,F,Barreiro,Física,549.2,https://randomuser.me/api/portraits/men/41.jpg
19,Luís Moreira,32,M,Carregal do Sal,Online,791.08,https://randomuser.me/api/portraits/women/35.jpg
20,Sebastião Vaz,55,M,Amarante,Física,641.77,https://randomuser.me/api/portraits/women/25.jpg
21,Raquel-Renata Sá,70,M,Aljezur,Física,789.7,https://randomuser.me/api/portraits/men/18.jpg
22,Manuel Sousa,62,F,Alenquer,Física,857.41,https://randomuser.me/api/portraits/women/58.jpg
23,Sandro Marques,36,M,Cabeceiras de Basto,Online,474.57,https://randomuser.me/api/portraits/men/84.jpg
24,Guilherme Reis,48,F,Funchal,Online,590.51,https://randomuser.me/api/portraits/women/37.jpg
25,Jéssica Cunha,25,F,Alenquer,Online,815.09,https://randomuser.me/api/portraits/women/5.jpg
26,Gaspar Mota,43,M,Vizela,Online,521.45,https://randomuser.me/api/portraits/men/96.jpg
27,Fábio Morais,61,F,Tábua,Física,508.61,https://randomuser.me/api/portraits/women/64.jpg
28,Constança-Soraia Nascimento,43,F,Arcos de Valdevez,Online,120.66,https://randomuser.me/api/portraits/men/31.jpg
29,Margarida Tavares,18,F,Évora,Física,157.47,https://randomuser.me/api/portraits/men/48.jpg
30,Bruno Carvalho,32,F,Palmela,Física,719.16,https://randomuser.me/api/portraits/women/82.jpg
31,Mélanie Barros,23,M,Aljezur,Física,668.56,https://randomuser.me/api/portraits/women/22.jpg
32,Juliana Castro,39,F,Portel,Online,303.15,https://randomuser.me/api/portraits/women/25.jpg
33,Irina Vieira,23,M,Bombarral,Física,330.74,https://randomuser.me/api/portraits/women/22.jpg
34,Petra Borges,26,M,Santa Cruz da Graciosa,Física,994.83,https://randomuser.me/api/portraits/men/61.jpg
35,Adriana Martins,21,F,Lousada,Física,661.41,https://randomuser.me/api/portraits/women/63.jpg
36,Ângelo Correia,61,M,Vila Franca do Campo,Online,166.26,https://randomuser.me/api/portraits/men/74.jpg
37,Leandro Pires,67,F,Valença,Física,171.06,https://randomuser.me/api/portraits/women/79.jpg
38,Miriam Ribeiro,28,M,Cartaxo,Física,627.73,https://randomuser.me/api/portraits/men/93.jpg
39,Margarida-Catarina Nascimento,42,M,Lajes do Pico,Online,235.72,https://randomuser.me/api/portraits/women/8.jpg
40,Yasmin Henriques,39,F,Vendas Novas,Física,414.74,https://randomuser.me/api/portraits/men/65.jpg
41,Lourenço Branco,24,M,Cascais,Online,442.24,https://randomuser.me/api/portraits/men/21.jpg
42,Sara Soares-Sá,45,F,Santa Cruz da Graciosa,Online,199.05,https://randomuser.me/api/portraits/women/26.jpg
43,Lúcia Paiva,25,M,Barreiro,Online,315.0,https://randomuser.me/api/portraits/women/10.jpg
44,Igor Moreira-Marques,33,M,Ponta Delgada,Online,662.94,https://randomuser.me/api/portraits/men/85.jpg
45,Afonso de Cardoso,48,M,Fafe,Online,237.58,https://randomuser.me/api/portraits/women/28.jpg
46,Matilde Nunes,28,M,Lajes das Flores,Física,379.32,https://randomuser.me/api/portraits/men/21.jpg
47,Lucas Matias,40,M,Alcoutim,Online,352.87,https://randomuser.me/api/portraits/men/82.jpg
48,Nelson do Miranda,41,F,Funchal,Física,295.9,https://randomuser.me/api/portraits/men/27.jpg
49,Emília Araújo,57,M,Vila do Bispo,Online,933.88,https://randomuser.me/api/portraits/women/36.jpg
50,Kévim Vaz,60,F,Velas,Física,250.88,https://randomuser.me/api/portraits/women/17.jpg
51,Bruna Cruz,18,M,Portimão,Online,574.23,https://randomuser.me/api/portraits/women/59.jpg
52,Petra Machado,31,M,Amares,Online,651.57,https://randomuser.me/api/portraits/men/48.jpg
53,Renato Mota,61,F,Setúbal,Física,651.66,https://randomuser.me/api/portraits/men/90.jpg
54,Raquel Reis,41,M,Angra do Heroísmo,Física,911.33,https://randomuser.me/api/portraits/men/85.jpg
55,Bryan Monteiro-Faria,55,F,Braga,Física,693.16,https://randomuser.me/api/portraits/men/64.jpg
56,Salvador Amaral,38,F,Vieira do Minho,Física,742.16,https://randomuser.me/api/portraits/men/71.jpg
57,Madalena Antunes,29,F,Miranda do Corvo,Física,330.99,https://randomuser.me/api/portraits/men/97.jpg
58,Filipa Carneiro,51,M,Vila do Porto,Online,295.29,https://randomuser.me/api/portraits/women/81.jpg
59,Jorge Martins,44,M,Vale de Cambra,Física,261.43,https://randomuser.me/api/portraits/men/6.jpg
60,Jorge Fonseca,22,M,Castro Verde,Online,957.53,https://randomuser.me/api/portraits/women/75.jpg
61,Larissa Lourenço,40,F,Almeida,Online,908.04,https://randomuser.me/api/portraits/men/45.jpg
62,Clara Mota-Branco,57,F,Estremoz,Física,650.11,https://randomuser.me/api/portraits/men/68.jpg
63,Erika do Borges,20,F,Vila Franca do Campo,Online,812.69,https://randomuser.me/api/portraits/women/7.jpg
64,Benjamim Amorim,65,M,Amarante,Física,366.17,https://randomuser.me/api/portraits/women/54.jpg
65,Noah Correia,53,M,Viana do Castelo,Física,127.25,https://randomuser.me/api/portraits/men/13.jpg
66,Beatriz da Campos,56,M,Lourinhã,Física,806.89,https://randomuser.me/api/portraits/women/45.jpg
67,Petra do Pinto,41,M,Lajes do Pico,Online,583.32,https://randomuser.me/api/portraits/women/88.jpg
68,Lia Lopes,70,F,Arouca,Física,194.45,https://randomuser.me/api/portraits/men/38.jpg
69,Lourenço Assunção,26,F,Arraiolos,Online,272.29,https://randomuser.me/api/portraits/men/86.jpg
70,César Batista,23,F,Sintra,Física,814.55,https://randomuser.me/api/portraits/women/49.jpg
71,Edgar Azevedo,65,M,Póvoa de Lanhoso,Física,504.25,https://randomuser.me/api/portraits/men/75.jpg
72,Mateus Amaral,44,M,Portel,Online,766.88,https://randomuser.me/api/portraits/men/35.jpg
73,Luísa Matos,56,F,Setúbal,Física,759.26,https://randomuser.me/api/portraits/women/39.jpg
74,Filipa Moreira,66,M,Horta,Online,486.94,https://randomuser.me/api/portraits/women/67.jpg
75,Nádia Assunção,39,M,Horta,Online,157.46,https://randomuser.me/api/portraits/men/23.jpg
76,Mia-Lúcia Carneiro,65,M,Mealhada,Física,952.49,https://randomuser.me/api/portraits/women/43.jpg
77,Leonor Barros-Martins,34,M,Vila do Porto,Online,407.92,https://randomuser.me/api/portraits/men/32.jpg
78,Carlos Nascimento,50,F,Sobral de Monte Agraço,Online,995.69,https://randomuser.me/api/portraits/men/40.jpg
79,Andreia Magalhães,47,M,Arraiolos,Online,956.07,https://randomuser.me/api/portraits/men/41.jpg
80,Juliana Torres,22,M,Faro,Física,971.92,https://randomuser.me/api/portraits/women/92.jpg
81,Sofia Araújo,45,F,Ansião,Online,455.52,https://randomuser.me/api/portraits/women/34.jpg
82,Alexandre Machado,42,M,Oliveira do Hospital,Online,105.63,https://randomuser.me/api/portraits/men/60.jpg
83,Gil Barbosa,62,M,Aljezur,Física,702.22,https://randomuser.me/api/portraits/men/8.jpg
84,Mélanie Lima,32,M,Estremoz,Online,693.27,https://randomuser.me/api/portraits/women/92.jpg
85,Joel Pereira,44,M,Estremoz,Física,325.43,https://randomuser.me/api/portraits/men/49.jpg
86,Paulo Vicente,41,M,Baião,Online,497.69,https://randomuser.me/api/portraits/women/58.jpg
87,Ivan Miranda-Morais,43,F,Castro Marim,Online,697.71,https://randomuser.me/api/portraits/women/95.jpg
88,Margarida Rodrigues,31,F,Porto de Mós,Física,938.04,https://randomuser.me/api/portraits/men/45.jpg
89,Iara Leal,26,M,Sines,Online,716.95,https://randomuser.me/api/portraits/women/48.jpg
90,Ângela Cruz,33,F,Cuba,Online,729.75,https://randomuser.me/api/portraits/women/21.jpg
91,Emma Azevedo,29,F,Funchal,Física,760.8,https://randomuser.me/api/portraits/women/39.jpg
92,Débora Silva,65,M,Faro,Física,222.93,https://randomuser.me/api/portraits/men/90.jpg
93,Hugo da Rocha,51,F,Monchique,Online,325.67,https://randomuser.me/api/portraits/women/42.jpg
94,Jaime Magalhães,67,M,Setúbal,Online,523.62,https://randomuser.me/api/portraits/women/83.jpg
95,Bruno Barbosa,23,M,Vila Franca de Xira,Física,354.42,https://randomuser.me/api/portraits/men/54.jpg
96,Kévim Macedo,67,M,Mora,Física,585.35,https://randomuser.me/api/portraits/men/34.jpg
97,Miriam Moreira,24,M,Vila do Corvo,Online,120.44,https://randomuser.me/api/portraits/men/67.jpg
98,Renata Moura,19,F,Penamacor,Online,318.71,https://randomuser.me/api/portraits/men/8.jpg
99,Nádia Machado,20,M,Vila do Bispo,Física,795.08,https://randomuser.me/api/portraits/men/61.jpg
100,Leonardo Mota,70,F,Coruche,Física,955.02,https://randomuser.me/api/portraits/women/12.jpg
101,Samuel Marques-Campos,27,F,Vila Franca do Campo,Online,871.87,https://randomuser.me/api/portraits/men/66.jpg
102,Lourenço Esteves,27,F,Ovar,Online,629.37,https://randomuser.me/api/portraits/men/4.jpg
103,Cristiano Carvalho,69,M,Lajes das Flores,Física,743.33,https://randomuser.me/api/portraits/women/68.jpg
104,Tomé Lopes,25,F,Figueira da Foz,Física,172.11,https://randomuser.me/api/portraits/women/27.jpg
105,Ismael Rocha-Rocha,23,M,Alcanena,Online,535.23,https://randomuser.me/api/portraits/men/29.jpg
106,Lara Magalhães,62,F,Terras de Bouro,Física,733.72,https://randomuser.me/api/portraits/men/18.jpg
107,Luís Garcia,31,F,Alcobaça,Online,416.31,https://randomuser.me/api/portraits/men/41.jpg
108,Benjamim da Maia,27,M,Alcochete,Física,796.89,https://randomuser.me/api/portraits/men/54.jpg
109,Nelson Amorim,38,M,Barcelos,Online,297.09,https://randomuser.me/api/portraits/men/87.jpg
110,Emília Vicente,47,F,Lisboa,Física,314.01,https://randomuser.me/api/portraits/men/25.jpg
111,Erica Matias-Cruz,35,F,Melgaço,Física,828.3,https://randomuser.me/api/portraits/men/34.jpg
112,Noa Cardoso,25,F,Vila Real de Santo António,Online,721.53,https://randomuser.me/api/portraits/men/57.jpg
113,Beatriz Neves,52,F,São Brás de Alportel,Física,305.9,https://randomuser.me/api/portraits/men/25.jpg
114,Mateus Tavares,50,F,Guimarães,Online,423.35,https://randomuser.me/api/portraits/men/94.jpg
115,Joaquim Fonseca,39,M,Penacova,Online,737.12,https://randomuser.me/api/portraits/men/32.jpg
116,Pedro Henriques,42,F,Murtosa,Online,610.99,https://randomuser.me/api/portraits/men/61.jpg
117,Diogo Soares,39,F,Santiago do Cacém,Online,977.17,https://randomuser.me/api/portraits/men/20.jpg
118,Benedita Barros,62,M,Almodôvar,Online,985.36,https://randomuser.me/api/portraits/women/81.jpg
119,Alice Garcia,67,F,Almada,Física,128.49,https://randomuser.me/api/portraits/men/84.jpg
120,Luís Domingues,56,F,Almada,Online,461.77,https://randomuser.me/api/portraits/women/42.jpg
121,Mafalda Torres,70,M,Vizela,Online,541.55,https://randomuser.me/api/portraits/men/51.jpg
122,Anita Nascimento,52,M,Montijo,Online,568.93,https://randomuser.me/api/portraits/men/97.jpg
123,Erika Moreira,64,F,Albufeira,Online,270.41,https://randomuser.me/api/portraits/women/12.jpg
124,Alícia-Maria Simões,22,M,Sabugal,Online,932.11,https://randomuser.me/api/portraits/women/72.jpg
125,Joel do Gaspar,35,F,Ponta Delgada,Online,216.86,https://randomuser.me/api/portraits/men/81.jpg
126,Bernardo Reis,40,M,Ponte de Sor,Online,232.82,https://randomuser.me/api/portraits/men/5.jpg
127,Rafaela Neto,64,M,Sines,Física,517.63,https://randomuser.me/api/portraits/men/27.jpg
128,Henrique Machado,65,M,Alenquer,Online,852.76,https://randomuser.me/api/portraits/women/4.jpg
129,Naiara Branco,31,M,Alvito,Online,574.99,https://randomuser.me/api/portraits/women/24.jpg
130,Flor Anjos-Henriques,65,M,Almodôvar,Física,950.08,https://randomuser.me/api/portraits/men/37.jpg
131,Nádia Branco,44,F,Vidigueira,Online,793.69,https://randomuser.me/api/portraits/men/62.jpg
132,Álvaro Cunha,29,F,Lagos,Física,473.39,https://randomuser.me/api/portraits/men/70.jpg
133,Letícia Tavares,49,F,Sabugal,Online,292.18,https://randomuser.me/api/portraits/women/9.jpg
134,Amélia Lopes,24,M,Loures,Online,934.21,https://randomuser.me/api/portraits/men/2.jpg
135,Yasmin Vicente,67,M,Vidigueira,Online,307.17,https://randomuser.me/api/portraits/men/43.jpg
136,Letícia Carvalho-Domingues,65,F,Sintra,Online,471.4,https://randomuser.me/api/portraits/men/25.jpg
137,Kevin Neves,23,F,Castelo de Paiva,Online,428.51,https://randomuser.me/api/portraits/women/82.jpg
138,Juliana Lopes,29,M,Paços de Ferreira,Online,798.79,https://randomuser.me/api/portraits/men/69.jpg
139,Luís do Barros,32,M,Caminha,Física,256.01,https://randomuser.me/api/portraits/women/54.jpg
140,Ema Azevedo,59,M,Setúbal,Online,986.18,https://randomuser.me/api/portraits/men/88.jpg
141,Kyara Esteves,21,F,Santa Cruz da Graciosa,Online,323.16,https://randomuser.me/api/portraits/women/27.jpg
142,Mara-Emma Ribeiro,30,M,Machico,Física,887.12,https://randomuser.me/api/portraits/women/94.jpg
143,Vera Gonçalves,49,F,Vila Real de Santo António,Física,843.4,https://randomuser.me/api/portraits/women/39.jpg
144,Lara Brito,70,M,Batalha,Física,310.05,https://randomuser.me/api/portraits/men/98.jpg
145,Bernardo Soares-Domingues,37,M,Lourinhã,Física,739.04,https://randomuser.me/api/portraits/men/24.jpg
146,Naiara do Magalhães,70,M,Vila Franca de Xira,Física,694.82,https://randomuser.me/api/portraits/women/15.jpg
147,Ângelo Amaral-Brito,27,F,Santa Cruz das Flores,Online,922.19,https://randomuser.me/api/portraits/men/92.jpg
148,Emma-Carminho Campos,21,F,Celorico de Basto,Física,292.01,https://randomuser.me/api/portraits/women/87.jpg
149,Débora-Isabel Andrade,65,M,Santa Cruz da Graciosa,Física,509.12,https://randomuser.me/api/portraits/men/84.jpg
150,Kevin Torres,25,M,Azambuja,Física,337.64,https://randomuser.me/api/portraits/women/7.jpg
151,Isabel Antunes-Gonçalves,53,M,Arruda dos Vinhos,Física,643.91,https://randomuser.me/api/portraits/women/32.jpg
152,César Maia,64,M,Ponte de Sor,Física,133.96,https://randomuser.me/api/portraits/men/21.jpg
153,Gil Silva,46,F,Oliveira do Hospital,Online,509.21,https://randomuser.me/api/portraits/women/94.jpg
154,Bruno Lourenço,21,F,Moita,Física,528.3,https://randomuser.me/api/portraits/men/14.jpg
155,Sofia Pinho,60,F,Vila do Porto,Online,166.8,https://randomuser.me/api/portraits/women/85.jpg
156,Mélanie Fernandes,52,M,Oliveira do Bairro,Física,183.17,https://randomuser.me/api/portraits/men/22.jpg
157,Kevin Amorim,34,F,Vila Franca do Campo,Física,532.37,https://randomuser.me/api/portraits/women/76.jpg
158,Denis Freitas,37,F,Oliveira de Azeméis,Física,647.39,https://randomuser.me/api/portraits/women/89.jpg
159,Cristiano Barros,31,F,Oliveira do Hospital,Física,810.8,https://randomuser.me/api/portraits/women/28.jpg
160,Erica Nogueira,70,M,Ponte de Sor,Online,830.07,https://randomuser.me/api/portraits/women/17.jpg
161,Carolina Castro,60,M,Montijo,Física,954.86,https://randomuser.me/api/portraits/women/71.jpg
162,Ivo Nogueira,51,F,Sintra,Online,370.6,https://randomuser.me/api/portraits/men/47.jpg
163,Ariana Domingues,52,F,Velas,Física,792.02,https://randomuser.me/api/portraits/women/59.jpg
164,Brian Nogueira-Rocha,22,M,Vieira do Minho,Online,450.8,https://randomuser.me/api/portraits/men/77.jpg
165,Nádia Oliveira,32,F,Beja,Online,773.01,https://randomuser.me/api/portraits/men/69.jpg
166,Micael Castro,45,F,Palmela,Física,217.02,https://randomuser.me/api/portraits/women/5.jpg
167,Bernardo Freitas,35,F,Valença,Física,341.51,https://randomuser.me/api/portraits/women/1.jpg
168,Tatiana Rocha,29,F,Loulé,Física,603.62,https://randomuser.me/api/portraits/men/58.jpg
169,Vítor Cardoso,52,M,Castro Marim,Física,476.25,https://randomuser.me/api/portraits/men/80.jpg
170,Kévim Campos,62,M,Barreiro,Física,517.39,https://randomuser.me/api/portraits/women/27.jpg
171,Vasco Brito,69,M,Mogadouro,Física,721.86,https://randomuser.me/api/portraits/men/53.jpg
172,Fernando Barbosa,20,M,Oeiras,Online,230.01,https://randomuser.me/api/portraits/men/83.jpg
173,Marco da Vaz,56,M,Angra do Heroísmo,Física,559.63,https://randomuser.me/api/portraits/men/88.jpg
174,Lia Teixeira,50,M,Sesimbra,Física,808.39,https://randomuser.me/api/portraits/men/45.jpg
175,Anita Pinheiro,48,F,Arruda dos Vinhos,Online,551.8,https://randomuser.me/api/portraits/women/31.jpg
176,Filipe Pires,40,M,Lousada,Online,743.01,https://randomuser.me/api/portraits/men/20.jpg
177,Cristiano Cruz,40,M,Praia da Vitória,Online,485.77,https://randomuser.me/api/portraits/men/21.jpg
178,Martim Pinho,18,M,Sines,Online,109.94,https://randomuser.me/api/portraits/men/25.jpg
179,Ângela Campos,59,M,Vila do Corvo,Online,384.85,https://randomuser.me/api/portraits/men/12.jpg
180,Tatiana-Luísa Miranda,25,M,Aljustrel,Online,167.14,https://randomuser.me/api/portraits/women/58.jpg
181,Daniel Gomes,48,M,Lourinhã,Física,901.88,https://randomuser.me/api/portraits/women/77.jpg
182,Andreia Nascimento,24,M,Vizela,Física,202.64,https://randomuser.me/api/portraits/men/95.jpg
183,Jéssica Cardoso,51,M,Vila Velha de Ródão,Online,934.73,https://randomuser.me/api/portraits/men/77.jpg
184,Noah Ribeiro-Ramos,36,M,Alcoutim,Online,733.38,https://randomuser.me/api/portraits/women/52.jpg
185,Denis Cardoso,68,F,Aljustrel,Online,921.7,https://randomuser.me/api/portraits/men/42.jpg
186,Constança Borges,31,M,Braga,Física,785.01,https://randomuser.me/api/portraits/men/9.jpg
187,Paulo Esteves-Esteves,18,F,Lamego,Online,274.22,https://randomuser.me/api/portraits/men/75.jpg
188,Renata-Érica Machado,25,M,Vila do Porto,Online,312.42,https://randomuser.me/api/portraits/women/85.jpg
189,Ivan da Marques,37,F,Vila Franca do Campo,Online,295.36,https://randomuser.me/api/portraits/men/86.jpg
190,Lucas Sousa,42,M,Mafra,Online,674.35,https://randomuser.me/api/portraits/women/57.jpg
191,Isabel Jesus,49,M,Vila Franca de Xira,Online,556.51,https://randomuser.me/api/portraits/women/61.jpg
192,Marcos Almeida,70,F,Espinho,Física,770.08,https://randomuser.me/api/portraits/women/89.jpg
193,Francisco Batista,64,M,Nelas,Física,324.76,https://randomuser.me/api/portraits/men/33.jpg
194,Patrícia Faria,57,M,Viana do Alentejo,Online,549.14,https://randomuser.me/api/portraits/women/58.jpg
195,Camila Branco,26,M,Albufeira,Online,292.2,https://randomuser.me/api/portraits/women/24.jpg
196,Bárbara Abreu,58,M,Vila do Bispo,Online,710.41,https://randomuser.me/api/portraits/women/40.jpg
197,Eduardo Abreu,43,F,Terras de Bouro,Online,609.6,https://randomuser.me/api/portraits/women/93.jpg
198,Kévim Pereira,46,M,Santiago do Cacém,Online,247.62,https://randomuser.me/api/portraits/men/38.jpg
199,Samuel Faria,63,M,Vidigueira,Online,109.19,https://randomuser.me/api/portraits/women/65.jpg
200,Benedita Amaral,24,F,Seia,Física,294.78,https://randomuser.me/api/portraits/women/98.jpg
201,Micael Nascimento,26,F,Aljezur,Física,518.39,https://randomuser.me/api/portraits/men/1.jpg
202,Ângela-Raquel Mendes,69,F,Monchique,Online,542.71,https://randomuser.me/api/portraits/men/6.jpg
203,Luísa de Lima,49,M,Funchal,Física,855.26,https://randomuser.me/api/portraits/men/79.jpg
204,Madalena da Monteiro,49,F,Funchal,Online,360.69,https://randomuser.me/api/portraits/women/80.jpg
205,Benedita Amaral,30,M,Horta,Online,631.7,https://randomuser.me/api/portraits/men/96.jpg
206,Helena Campos,48,M,Batalha,Física,250.1,https://randomuser.me/api/portraits/women/36.jpg
207,Rita-Juliana Torres,62,M,Setúbal,Física,900.38,https://randomuser.me/api/portraits/men/33.jpg
208,Marco Fernandes,53,F,Vila do Bispo,Online,257.31,https://randomuser.me/api/portraits/men/53.jpg
209,Erica Silva,24,F,Alvito,Online,805.26,https://randomuser.me/api/portraits/women/21.jpg
210,Sebastião Soares,66,F,Vidigueira,Online,916.09,https://randomuser.me/api/portraits/women/57.jpg
211,Alícia-Bruna Loureiro,41,F,Alvito,Física,240.01,https://randomuser.me/api/portraits/men/60.jpg
212,Gabriel Mota,69,F,Machico,Física,173.4,https://randomuser.me/api/portraits/women/88.jpg
213,Diana-Joana Rodrigues,59,F,Ponte de Sor,Online,951.95,https://randomuser.me/api/portraits/women/23.jpg
214,Mário Ribeiro,48,M,Santa Cruz das Flores,Online,102.26,https://randomuser.me/api/portraits/men/77.jpg
215,Vítor Soares,26,M,Lajes do Pico,Online,367.28,https://randomuser.me/api/portraits/women/40.jpg
216,Afonso Antunes,28,M,Lajes das Flores,Online,779.28,https://randomuser.me/api/portraits/men/96.jpg
217,Catarina Barros,55,F,Faro,Online,376.84,https://randomuser.me/api/portraits/men/88.jpg
218,Manuel Domingues,66,F,Fafe,Online,990.77,https://randomuser.me/api/portraits/women/58.jpg
219,Lúcia Ribeiro,34,F,Odemira,Física,730.54,https://randomuser.me/api/portraits/women/26.jpg
220,Vicente Valente,57,F,Barrancos,Física,171.46,https://randomuser.me/api/portraits/men/90.jpg
221,Francisco Reis,50,F,Ovar,Online,478.57,https://randomuser.me/api/portraits/men/62.jpg
222,Érica Gonçalves,36,F,Portel,Física,524.18,https://randomuser.me/api/portraits/women/77.jpg
223,Mário Azevedo,66,M,Penalva do Castelo,Física,590.0,https://randomuser.me/api/portraits/women/72.jpg
224,Carminho Nunes,56,M,Esposende,Online,137.86,https://randomuser.me/api/portraits/women/3.jpg
225,Micael Branco,52,F,Santa Cruz das Flores,Física,336.1,https://randomuser.me/api/portraits/women/56.jpg
226,Sofia Pereira,26,F,Cadaval,Online,892.16,https://randomuser.me/api/portraits/women/14.jpg
227,Mafalda Nascimento,58,M,Funchal,Online,515.01,https://randomuser.me/api/portraits/men/61.jpg
228,Mauro do Torres,67,M,Viana do Alentejo,Online,366.86,https://randomuser.me/api/portraits/women/94.jpg
229,Raquel Oliveira-Maia,46,M,Horta,Física,377.18,https://randomuser.me/api/portraits/men/71.jpg
230,Gaspar Silva,42,F,Vila Viçosa,Online,664.76,https://randomuser.me/api/portraits/men/15.jpg
231,Frederico de Borges,47,F,Seixal,Física,897.59,https://randomuser.me/api/portraits/men/23.jpg
232,Sandro Antunes-Cruz,57,F,Amadora,Online,137.46,https://randomuser.me/api/portraits/women/31.jpg
233,Ângelo Nogueira,32,M,São Brás de Alportel,Online,508.05,https://randomuser.me/api/portraits/women/57.jpg
234,Lara-Eva Matos,32,F,Murtosa,Física,456.06,https://randomuser.me/api/portraits/women/55.jpg
235,Noa Neves,48,F,Aljustrel,Online,715.51,https://randomuser.me/api/portraits/women/96.jpg
236,Diego Pinto,22,F,Sines,Física,600.25,https://randomuser.me/api/portraits/men/0.jpg
237,Nádia Nogueira,68,F,Portimão,Física,585.22,https://randomuser.me/api/portraits/men/63.jpg
238,Ema Miranda,60,F,Ponta Delgada,Online,705.64,https://randomuser.me/api/portraits/men/61.jpg
239,Beatriz Paiva-Soares,31,M,Montijo,Física,593.2,https://randomuser.me/api/portraits/men/50.jpg
240,Filipa Santos,44,M,Lagos,Online,912.07,https://randomuser.me/api/portraits/women/88.jpg
241,Caetana Pinho,20,M,Cadaval,Online,732.47,https://randomuser.me/api/portraits/women/93.jpg
242,Fernando Mendes-Moura,60,M,Sines,Física,942.38,https://randomuser.me/api/portraits/men/68.jpg
243,Kevin Amaral-Domingues,57,M,Penafiel,Online,741.46,https://randomuser.me/api/portraits/men/61.jpg
244,Carlota Morais,36,F,Horta,Online,444.32,https://randomuser.me/api/portraits/men/69.jpg
245,Frederico Correia-Nunes,26,M,Serpa,Física,292.64,https://randomuser.me/api/portraits/men/94.jpg
246,Carolina Silva,50,F,Vila Franca do Campo,Física,284.37,https://randomuser.me/api/portraits/men/22.jpg
247,Gonçalo Fonseca-Fonseca,43,F,Santa Cruz das Flores,Online,812.07,https://randomuser.me/api/portraits/men/11.jpg
248,Matilde Figueiredo,29,F,Mortágua,Online,698.65,https://randomuser.me/api/portraits/women/63.jpg
249,Yara Araújo,54,F,Ovar,Física,728.54,https://randomuser.me/api/portraits/women/80.jpg
250,Inês Barbosa-Vaz,65,M,Vila Real,Física,371.92,https://randomuser.me/api/portraits/men/45.jpg
251,Paulo Fonseca-Neves,66,M,Lagos,Física,304.69,https://randomuser.me/api/portraits/women/3.jpg
252,Carlos Magalhães,50,F,Évora,Física,465.81,https://randomuser.me/api/portraits/women/98.jpg
253,Lúcia Andrade-Faria,49,M,Arganil,Física,689.01,https://randomuser.me/api/portraits/men/88.jpg
254,Helena Ramos,27,M,Odemira,Física,247.05,https://randomuser.me/api/portraits/men/50.jpg
255,Márcio Esteves,69,M,Gondomar,Física,504.59,https://randomuser.me/api/portraits/women/48.jpg
256,Patrícia Rodrigues,22,M,Penalva do Castelo,Física,317.38,https://randomuser.me/api/portraits/women/88.jpg
257,Vasco Valente,46,F,Santa Cruz da Graciosa,Física,360.65,https://randomuser.me/api/portraits/women/61.jpg
258,Valentina Soares-Leal,63,F,Horta,Online,256.15,https://randomuser.me/api/portraits/men/88.jpg
259,Sara Esteves,62,M,Sines,Online,541.04,https://randomuser.me/api/portraits/men/30.jpg
260,Kelly Sá,47,M,Almeida,Física,952.69,https://randomuser.me/api/portraits/men/92.jpg
261,Carminho Marques,48,M,São Brás de Alportel,Online,601.39,https://randomuser.me/api/portraits/men/69.jpg
262,Yasmin de Marques,22,M,Vila do Corvo,Online,313.21,https://randomuser.me/api/portraits/women/34.jpg
263,Emília Tavares,64,M,Leiria,Física,967.43,https://randomuser.me/api/portraits/men/62.jpg
264,Yara Macedo,58,M,Castro Verde,Online,102.3,https://randomuser.me/api/portraits/women/13.jpg
265,Inês Andrade,30,F,Alvito,Online,305.59,https://randomuser.me/api/portraits/women/83.jpg
266,Duarte Barbosa,69,M,Bragança,Online,548.71,https://randomuser.me/api/portraits/women/1.jpg
267,Iara Barbosa,32,M,Vila Nova de Santo André,Física,204.8,https://randomuser.me/api/portraits/men/2.jpg
268,Isabel Figueiredo,65,F,Barcelos,Física,481.36,https://randomuser.me/api/portraits/women/2.jpg
269,Daniel Simões-Coelho,54,M,Azambuja,Física,283.87,https://randomuser.me/api/portraits/women/55.jpg
270,Afonso Ramos,38,M,Loures,Online,675.26,https://randomuser.me/api/portraits/men/57.jpg
271,Íris Sá,61,F,Vila Verde,Online,956.72,https://randomuser.me/api/portraits/men/21.jpg
272,Caetana Cardoso,53,M,Portel,Física,468.42,https://randomuser.me/api/portraits/men/27.jpg
273,Carolina Alves,38,M,Olhão,Online,587.31,https://randomuser.me/api/portraits/women/38.jpg
274,Enzo do Rocha,51,F,Arraiolos,Física,902.64,https://randomuser.me/api/portraits/men/50.jpg
275,Ema Borges,62,M,Funchal,Física,116.74,https://randomuser.me/api/portraits/women/97.jpg
276,Anita da Borges,65,F,Vieira do Minho,Online,593.55,https://randomuser.me/api/portraits/men/57.jpg
277,Yara do Sá,58,F,Portalegre,Online,783.26,https://randomuser.me/api/portraits/women/20.jpg
278,Vicente Pacheco,45,M,Ponte da Barca,Física,804.52,https://randomuser.me/api/portraits/women/53.jpg
279,Salvador Pinheiro-Fonseca,57,F,Montalegre,Online,933.69,https://randomuser.me/api/portraits/women/49.jpg
280,Beatriz Reis,59,F,Castro Daire,Online,806.41,https://randomuser.me/api/portraits/men/10.jpg
281,Gabriela Machado,20,F,Vila Real de Santo António,Física,447.33,https://randomuser.me/api/portraits/men/58.jpg
282,Joana Mendes,29,M,Lagoa,Física,921.26,https://randomuser.me/api/portraits/women/28.jpg
283,Bárbara Barros,26,M,Alcácer do Sal,Online,947.59,https://randomuser.me/api/portraits/women/31.jpg
284,Letícia Assunção,30,M,Redondo,Física,189.17,https://randomuser.me/api/portraits/women/84.jpg
285,Naiara-Sara Marques,23,F,Lagoa,Física,166.71,https://randomuser.me/api/portraits/men/46.jpg
286,Ivo Teixeira-Marques,38,M,Penela,Online,896.91,https://randomuser.me/api/portraits/women/97.jpg
287,Inês Pinto,39,F,Penafiel,Física,292.86,https://randomuser.me/api/portraits/men/36.jpg
288,Débora Rocha-Miranda,18,F,Castelo Branco,Física,279.47,https://randomuser.me/api/portraits/men/15.jpg
289,Clara Tavares,50,F,Fátima,Física,729.78,https://randomuser.me/api/portraits/women/53.jpg
290,Isabel Leal,36,F,Alcochete,Física,695.62,https://randomuser.me/api/portraits/men/12.jpg
291,Júlia Pacheco,49,F,Sabugal,Física,319.43,https://randomuser.me/api/portraits/women/4.jpg
292,Lúcia Freitas,62,F,Azambuja,Online,648.73,https://randomuser.me/api/portraits/women/11.jpg
293,António Simões,67,M,Portalegre,Online,894.22,https://randomuser.me/api/portraits/women/26.jpg
294,Victória Valente,22,M,Lousada,Física,184.29,https://randomuser.me/api/portraits/women/83.jpg
295,Bianca Sousa-Pinheiro,23,M,Aveiro,Física,623.97,https://randomuser.me/api/portraits/women/38.jpg
296,Cláudio Teixeira,70,F,Mogadouro,Física,478.95,https://randomuser.me/api/portraits/women/42.jpg
297,Diego Antunes,61,M,Angra do Heroísmo,Online,508.34,https://randomuser.me/api/portraits/men/67.jpg
298,Brian Matias,42,M,Arganil,Física,497.22,https://randomuser.me/api/portraits/women/63.jpg
299,Amélia de Faria,56,F,Esposende,Online,676.58,https://randomuser.me/api/portraits/men/4.jpg
300,Fernando Matos,70,F,Vila do Corvo,Física,500.14,https://randomuser.me/api/portraits/men/56.jpg
301,Melissa Morais,29,F,Lisboa,Física,386.2,https://randomuser.me/api/portraits/men/87.jpg
302,Melissa Ribeiro,63,M,Póvoa de Lanhoso,Física,221.55,https://randomuser.me/api/portraits/women/71.jpg
303,Samuel do Cruz,64,F,Mogadouro,Online,323.65,https://randomuser.me/api/portraits/men/22.jpg
304,Ivo Gonçalves,44,M,Sines,Física,257.72,https://randomuser.me/api/portraits/women/28.jpg
305,Sara Araújo,38,M,Tavira,Online,963.72,https://randomuser.me/api/portraits/men/60.jpg
306,Duarte Domingues,45,F,Fundão,Física,435.39,https://randomuser.me/api/portraits/men/76.jpg
307,Carlos Pinheiro,32,M,Oliveira do Hospital,Online,895.73,https://randomuser.me/api/portraits/women/78.jpg
308,Frederico Loureiro,62,M,Vila do Corvo,Física,335.6,https://randomuser.me/api/portraits/men/53.jpg
309,Rafaela Rocha-Coelho,18,M,Cadaval,Online,769.09,https://randomuser.me/api/portraits/men/80.jpg
310,Rafael Martins,49,M,Sobral de Monte Agraço,Física,135.69,https://randomuser.me/api/portraits/women/0.jpg
311,Rafael Ferreira,40,M,Alcoutim,Online,590.5,https://randomuser.me/api/portraits/women/6.jpg
312,Lorena Reis,61,F,Valongo,Física,928.22,https://randomuser.me/api/portraits/men/59.jpg
313,Tatiana Rodrigues,59,F,Lourinhã,Online,716.93,https://randomuser.me/api/portraits/women/48.jpg
314,Ivan Vieira,38,M,Sousel,Online,658.37,https://randomuser.me/api/portraits/men/43.jpg
315,Nelson Moura,70,F,Lagos,Online,232.47,https://randomuser.me/api/portraits/men/35.jpg
316,Renato Barros,24,F,Santiago do Cacém,Física,735.0,https://randomuser.me/api/portraits/men/32.jpg
317,Valentina Gonçalves-Esteves,20,M,São João da Madeira,Física,779.84,https://randomuser.me/api/portraits/men/28.jpg
318,Gil Fonseca,55,F,Vila Franca do Campo,Online,990.7,https://randomuser.me/api/portraits/women/15.jpg
319,António Castro-Sá,54,F,Mértola,Online,522.45,https://randomuser.me/api/portraits/women/57.jpg
320,Larissa-Júlia Anjos,28,M,Azambuja,Física,713.4,https://randomuser.me/api/portraits/women/47.jpg
321,Camila-Mariana Campos,47,M,Grândola,Online,671.14,https://randomuser.me/api/portraits/women/21.jpg
322,Lúcia Pinheiro,47,F,Ponta Delgada,Física,432.58,https://randomuser.me/api/portraits/men/79.jpg
323,Luna Miranda,32,M,São João da Madeira,Física,463.87,https://randomuser.me/api/portraits/women/76.jpg
324,Ema Leal,42,F,Pombal,Física,529.83,https://randomuser.me/api/portraits/men/68.jpg
325,Tiago Matos,29,M,Setúbal,Física,474.74,https://randomuser.me/api/portraits/men/43.jpg
326,Joel Cruz,35,F,Cuba,Online,589.1,https://randomuser.me/api/portraits/men/37.jpg
327,Afonso Correia-Barbosa,19,M,Praia da Vitória,Online,411.38,https://randomuser.me/api/portraits/men/57.jpg
328,Gabriel Fonseca,37,M,Albufeira,Física,299.1,https://randomuser.me/api/portraits/women/69.jpg
329,David Soares,23,M,Vila do Porto,Online,168.16,https://randomuser.me/api/portraits/men/62.jpg
330,Vicente Andrade,19,F,Moura,Física,562.07,https://randomuser.me/api/portraits/men/31.jpg
331,Gaspar Pires,23,F,Vila Nova de Cerveira,Online,412.7,https://randomuser.me/api/portraits/women/24.jpg
332,Ângelo Sá,60,M,Barcelos,Física,937.36,https://randomuser.me/api/portraits/men/6.jpg
333,Bárbara Pires,58,M,Seixal,Física,356.86,https://randomuser.me/api/portraits/women/80.jpg
334,Rafaela-Íris Carvalho,21,F,Faro,Online,969.94,https://randomuser.me/api/portraits/men/5.jpg
335,Leonardo Macedo,33,F,Castro Marim,Física,298.7,https://randomuser.me/api/portraits/women/98.jpg
336,Emília Freitas,21,F,Vila Nova de Santo André,Física,695.69,https://randomuser.me/api/portraits/men/99.jpg
337,Samuel Figueiredo-Teixeira,27,M,Oliveira do Bairro,Física,578.54,https://randomuser.me/api/portraits/men/35.jpg
338,Lourenço Castro,25,F,Mondim de Basto,Online,910.57,https://randomuser.me/api/portraits/men/11.jpg
339,Leandro Sá,53,M,Tavira,Online,653.06,https://randomuser.me/api/portraits/men/45.jpg
340,Benjamim Gonçalves,29,M,Oliveira de Azeméis,Física,554.31,https://randomuser.me/api/portraits/women/1.jpg
341,Henrique Vicente,52,F,Marinha Grande,Física,197.87,https://randomuser.me/api/portraits/women/56.jpg
342,Kelly do Abreu,29,M,Alcácer do Sal,Física,813.6,https://randomuser.me/api/portraits/men/88.jpg
343,Margarida de Marques,29,F,Sousel,Física,681.94,https://randomuser.me/api/portraits/women/95.jpg
344,Vítor Andrade,66,F,Marco de Canaveses,Física,714.7,https://randomuser.me/api/portraits/women/2.jpg
345,Xavier Freitas-Neves,34,F,Mora,Online,503.07,https://randomuser.me/api/portraits/men/71.jpg
346,Valentina Tavares,35,F,Olhão,Física,577.29,https://randomuser.me/api/portraits/women/5.jpg
347,Kévim Faria,34,M,Guimarães,Online,412.41,https://randomuser.me/api/portraits/women/52.jpg
348,Larissa Leal-Oliveira,33,M,Olhão,Online,824.71,https://randomuser.me/api/portraits/men/64.jpg
349,Miguel de Campos,46,F,Mafra,Física,862.86,https://randomuser.me/api/portraits/men/74.jpg
350,Eva Figueiredo,46,M,Redondo,Física,931.24,https://randomuser.me/api/portraits/men/25.jpg
351,Rúben Monteiro,38,M,Vidigueira,Física,711.46,https://randomuser.me/api/portraits/women/50.jpg
352,Lia Reis,36,F,Sintra,Online,186.74,https://randomuser.me/api/portraits/men/32.jpg
353,Juliana Gomes,26,F,Sines,Online,286.07,https://randomuser.me/api/portraits/men/95.jpg
354,Sebastião Garcia,37,F,Ansião,Física,538.49,https://randomuser.me/api/portraits/men/77.jpg
355,Filipa Pires,52,F,Ribeira Grande,Física,990.82,https://randomuser.me/api/portraits/men/55.jpg
356,Ana Esteves-Domingues,49,M,Covilhã,Online,749.64,https://randomuser.me/api/portraits/men/98.jpg
357,Margarida Gomes-Carneiro,19,M,Reguengos de Monsaraz,Física,925.7,https://randomuser.me/api/portraits/men/26.jpg
358,Helena-Kyara Coelho,37,F,São Brás de Alportel,Online,135.2,https://randomuser.me/api/portraits/women/92.jpg
359,Luciana Pinho,59,F,Viana do Alentejo,Física,509.98,https://randomuser.me/api/portraits/women/73.jpg
360,Diego Abreu,65,M,Alenquer,Online,906.2,https://randomuser.me/api/portraits/men/86.jpg
361,Diana Cunha,53,F,Azambuja,Online,454.94,https://randomuser.me/api/portraits/men/65.jpg
362,Sérgio de Morais,34,M,Machico,Online,904.93,https://randomuser.me/api/portraits/women/42.jpg
363,Teresa Guerreiro,53,M,Oliveira de Azeméis,Física,411.95,https://randomuser.me/api/portraits/men/52.jpg
364,Madalena Neto,60,M,Cuba,Online,627.08,https://randomuser.me/api/portraits/women/48.jpg
365,Vítor Andrade,46,F,Loures,Online,204.69,https://randomuser.me/api/portraits/men/15.jpg
366,Íris Barbosa,64,F,Leiria,Online,584.7,https://randomuser.me/api/portraits/women/38.jpg
367,Joana Castro,31,F,Sever do Vouga,Física,718.98,https://randomuser.me/api/portraits/women/71.jpg
368,Francisco Nascimento,62,M,Trofa,Online,157.83,https://randomuser.me/api/portraits/men/51.jpg
369,Lorena Matias-Leite,57,M,Santa Cruz das Flores,Online,297.16,https://randomuser.me/api/portraits/women/87.jpg
370,Salvador Coelho-Oliveira,39,F,Santiago do Cacém,Física,682.25,https://randomuser.me/api/portraits/men/68.jpg
371,Leonardo Henriques,18,F,Vizela,Física,488.04,https://randomuser.me/api/portraits/women/62.jpg
372,Luciana-Luana Vicente,20,F,Coruche,Online,513.27,https://randomuser.me/api/portraits/men/89.jpg
373,Miguel Esteves,47,M,Benavente,Física,513.3,https://randomuser.me/api/portraits/men/45.jpg
374,Bryan do Neto,67,M,Castro Marim,Online,784.14,https://randomuser.me/api/portraits/women/18.jpg
375,Mia Marques,63,F,Castro Marim,Física,198.61,https://randomuser.me/api/portraits/men/11.jpg
376,Isabela Coelho,25,M,Sines,Física,672.75,https://randomuser.me/api/portraits/women/83.jpg
377,Iara Barros,41,M,Idanha-a-Nova,Física,215.06,https://randomuser.me/api/portraits/men/38.jpg
378,Filipa Valente,66,F,Loures,Online,631.5,https://randomuser.me/api/portraits/women/30.jpg
379,Yara Fonseca,48,F,Peniche,Online,974.15,https://randomuser.me/api/portraits/women/88.jpg
380,Luís Silva,26,M,Vila do Bispo,Online,690.77,https://randomuser.me/api/portraits/men/64.jpg
381,Isabel Loureiro,44,M,Vila do Porto,Online,920.05,https://randomuser.me/api/portraits/women/54.jpg
382,Gabriel Faria,56,M,Santa Cruz da Graciosa,Física,608.93,https://randomuser.me/api/portraits/women/25.jpg
383,Lourenço Amaral,59,M,Vila Pouca de Aguiar,Online,861.9,https://randomuser.me/api/portraits/men/97.jpg
384,Sara Pacheco,61,F,Loures,Online,618.07,https://randomuser.me/api/portraits/women/89.jpg
385,Luna Morais,28,M,Trofa,Física,963.42,https://randomuser.me/api/portraits/women/70.jpg
386,Erika Valente,66,M,Póvoa de Lanhoso,Física,964.22,https://randomuser.me/api/portraits/men/3.jpg
387,Tiago Araújo,32,M,Velas,Física,948.39,https://randomuser.me/api/portraits/men/3.jpg
388,Ema-Sara Campos,25,F,Faro,Online,311.43,https://randomuser.me/api/portraits/men/47.jpg
389,Diogo Gaspar,53,M,Barrancos,Online,156.57,https://randomuser.me/api/portraits/women/47.jpg
390,Salomé Ferreira,49,F,Velas,Online,410.49,https://randomuser.me/api/portraits/men/35.jpg
391,Emma Pacheco,58,F,Castro Verde,Online,346.98,https://randomuser.me/api/portraits/men/33.jpg
392,Jaime da Nascimento,51,M,Braga,Online,769.62,https://randomuser.me/api/portraits/women/98.jpg
393,Erika-Constança Araújo,22,M,Castro Marim,Física,226.7,https://randomuser.me/api/portraits/men/82.jpg
394,Renato Mota,70,F,Chamusca,Online,197.93,https://randomuser.me/api/portraits/men/63.jpg
395,Tatiana Campos,54,M,Felgueiras,Online,948.72,https://randomuser.me/api/portraits/men/82.jpg
396,Kévim Pinto-Vaz,48,F,Sobral de Monte Agraço,Física,105.67,https://randomuser.me/api/portraits/men/7.jpg
397,Vasco Melo,30,F,Olhão,Online,400.74,https://randomuser.me/api/portraits/women/75.jpg
398,Constança-Adriana Jesus,46,M,Vila Nova de Santo André,Física,646.89,https://randomuser.me/api/portraits/men/44.jpg
399,Joel Torres,36,F,São Brás de Alportel,Física,250.95,https://randomuser.me/api/portraits/men/75.jpg
400,Fabiana Fernandes,64,M,Alcácer do Sal,Online,953.11,https://randomuser.me/api/portraits/women/2.jpg
401,Nicole Pires,30,M,Fafe,Online,769.88,https://randomuser.me/api/portraits/men/34.jpg
402,Filipa Marques,49,M,Cascais,Online,642.32,https://randomuser.me/api/portraits/men/76.jpg
403,Yara do Esteves,38,F,Vila Nova de Cerveira,Física,507.65,https://randomuser.me/api/portraits/women/36.jpg
404,Raquel-Yasmin Sousa,40,M,São Brás de Alportel,Online,658.44,https://randomuser.me/api/portraits/men/42.jpg
405,Mafalda-Alícia Brito,45,F,Montijo,Online,278.93,https://randomuser.me/api/portraits/women/84.jpg
406,Violeta Fernandes,57,M,Lisboa,Física,519.72,https://randomuser.me/api/portraits/women/59.jpg
407,Gabriela Marques,39,F,Palmela,Física,293.92,https://randomuser.me/api/portraits/men/61.jpg
408,Daniela Castro,40,F,Mora,Online,777.73,https://randomuser.me/api/portraits/women/84.jpg
409,Alexandre Valente,66,F,Paredes,Física,212.95,https://randomuser.me/api/portraits/men/25.jpg
410,Nádia Brito-Melo,44,M,Monchique,Online,861.08,https://randomuser.me/api/portraits/women/1.jpg
411,Raquel Oliveira,67,F,Ribeira Grande,Física,149.12,https://randomuser.me/api/portraits/women/19.jpg
412,Denis Teixeira,32,F,Palmela,Online,384.36,https://randomuser.me/api/portraits/men/8.jpg
413,Manuel do Faria,61,M,Odemira,Online,255.81,https://randomuser.me/api/portraits/women/23.jpg
414,Tomé Amorim,36,M,Montalegre,Online,534.41,https://randomuser.me/api/portraits/men/67.jpg
415,Vera Anjos,24,M,Vila Nova de Gaia,Física,127.97,https://randomuser.me/api/portraits/women/74.jpg
416,Raquel Nascimento,36,F,Montijo,Online,989.93,https://randomuser.me/api/portraits/men/98.jpg
417,Constança Batista-Esteves,68,F,Torres Vedras,Física,808.43,https://randomuser.me/api/portraits/women/7.jpg
418,Mauro Azevedo,60,F,Funchal,Online,212.68,https://randomuser.me/api/portraits/women/35.jpg
419,Patrícia da Leal,20,M,Castro Verde,Online,814.46,https://randomuser.me/api/portraits/women/47.jpg
420,Emma Mendes,34,F,Ourem,Física,924.26,https://randomuser.me/api/portraits/women/67.jpg
421,Rodrigo Pacheco,57,M,Cantanhede,Online,771.26,https://randomuser.me/api/portraits/men/4.jpg
422,Flor Borges,32,M,Velas,Online,956.98,https://randomuser.me/api/portraits/men/91.jpg
423,Ema Matos,24,F,Vila do Corvo,Online,447.17,https://randomuser.me/api/portraits/women/46.jpg
424,Emanuel Alves,68,M,Paredes de Coura,Física,672.26,https://randomuser.me/api/portraits/men/2.jpg
425,Frederico Sousa,53,F,São Brás de Alportel,Física,126.69,https://randomuser.me/api/portraits/men/73.jpg
426,Caetana Matos,18,F,Setúbal,Online,679.36,https://randomuser.me/api/portraits/women/56.jpg
427,Luna Barbosa,63,M,Celorico de Basto,Física,714.29,https://randomuser.me/api/portraits/women/45.jpg
428,Fernando Pacheco,43,F,Arruda dos Vinhos,Física,815.88,https://randomuser.me/api/portraits/women/93.jpg
429,Andreia de Antunes,31,M,Mirandela,Online,612.37,https://randomuser.me/api/portraits/men/15.jpg
430,Salomé Cruz,58,M,Santa Cruz da Graciosa,Online,722.13,https://randomuser.me/api/portraits/women/65.jpg
431,Catarina Valente,27,M,Vila Nova de Santo André,Física,319.52,https://randomuser.me/api/portraits/women/22.jpg
432,Francisca-Marta Lima,44,F,Vizela,Física,418.12,https://randomuser.me/api/portraits/men/69.jpg
433,Ricardo Amaral,48,M,Guimarães,Física,526.59,https://randomuser.me/api/portraits/women/78.jpg
434,Vera Faria,61,F,Lisboa,Física,368.05,https://randomuser.me/api/portraits/women/58.jpg
435,Francisca Gaspar,21,F,Velas,Online,698.36,https://randomuser.me/api/portraits/women/59.jpg
436,Rodrigo Assunção,45,F,Albufeira,Online,608.45,https://randomuser.me/api/portraits/women/3.jpg
437,Carlos Marques,37,F,Sousel,Online,595.64,https://randomuser.me/api/portraits/men/3.jpg
438,Benedita Lima,25,F,Porto de Mós,Online,251.55,https://randomuser.me/api/portraits/women/98.jpg
439,Teresa Leite,54,F,Ponta Delgada,Física,222.36,https://randomuser.me/api/portraits/men/57.jpg
440,César Machado,44,M,Braga,Online,318.01,https://randomuser.me/api/portraits/women/94.jpg
441,Alícia Macedo,59,M,Melgaço,Online,274.56,https://randomuser.me/api/portraits/women/23.jpg
442,Rui Ferreira,68,F,Condeixa-a-Nova,Online,240.79,https://randomuser.me/api/portraits/women/55.jpg
443,Sara do Cardoso,40,F,Sousel,Física,594.67,https://randomuser.me/api/portraits/women/79.jpg
444,Francisca Cunha,39,M,Vila do Conde,Online,885.4,https://randomuser.me/api/portraits/women/47.jpg
445,Artur Pereira,56,M,Moita,Online,523.75,https://randomuser.me/api/portraits/women/91.jpg
446,Sérgio Pereira,22,F,Vila Real de Santo António,Física,321.62,https://randomuser.me/api/portraits/men/37.jpg
447,Adriana Santos,55,F,Melgaço,Online,872.52,https://randomuser.me/api/portraits/men/69.jpg
448,Lia-Valentina Pinho,46,F,Loulé,Física,993.22,https://randomuser.me/api/portraits/men/76.jpg
449,Melissa Lima,52,F,Valença,Online,974.28,https://randomuser.me/api/portraits/women/46.jpg
450,Marco Neto,52,M,Mafra,Física,259.61,https://randomuser.me/api/portraits/men/11.jpg
451,Francisco Costa,51,F,São Brás de Alportel,Física,894.42,https://randomuser.me/api/portraits/men/27.jpg
452,Mafalda Silva,30,M,Caminha,Online,222.25,https://randomuser.me/api/portraits/women/55.jpg
453,Miguel Figueiredo,42,M,Alvito,Física,239.48,https://randomuser.me/api/portraits/men/9.jpg
454,Rúben Lopes,25,F,Vagos,Física,773.06,https://randomuser.me/api/portraits/men/28.jpg
455,Flor Machado,56,M,Vila Real de Santo António,Física,786.77,https://randomuser.me/api/portraits/men/32.jpg
456,Santiago Fernandes,55,F,Vila Pouca de Aguiar,Física,740.41,https://randomuser.me/api/portraits/women/18.jpg
457,Lúcia Lourenço,65,M,Viseu,Física,270.03,https://randomuser.me/api/portraits/women/54.jpg
458,Xavier da Ribeiro,24,M,Castro Marim,Física,902.56,https://randomuser.me/api/portraits/women/35.jpg
459,Micael Coelho,48,M,Montemor-o-Novo,Online,932.08,https://randomuser.me/api/portraits/men/67.jpg
460,Érica do Castro,28,F,Funchal,Física,575.02,https://randomuser.me/api/portraits/men/80.jpg
461,Artur Morais,33,M,Mondim de Basto,Física,805.94,https://randomuser.me/api/portraits/men/35.jpg
462,Pilar Araújo,54,M,Figueira da Foz,Online,947.37,https://randomuser.me/api/portraits/men/78.jpg
463,Lúcia Vicente,49,F,Lagos,Física,410.22,https://randomuser.me/api/portraits/men/88.jpg
464,Salvador Assunção,25,M,Ribeira Grande,Física,542.22,https://randomuser.me/api/portraits/men/68.jpg
465,Cláudio Branco,55,M,Guimarães,Física,188.39,https://randomuser.me/api/portraits/women/76.jpg
466,Sandro Esteves,43,M,Bragança,Online,231.03,https://randomuser.me/api/portraits/men/39.jpg
467,Lara Pacheco,68,M,Fátima,Online,385.76,https://randomuser.me/api/portraits/women/80.jpg
468,Diego Andrade,60,F,Braga,Online,420.47,https://randomuser.me/api/portraits/women/16.jpg
469,Matilde Moura-Henriques,52,F,Trofa,Online,120.68,https://randomuser.me/api/portraits/men/73.jpg
470,Victória Sá,45,F,Santa Cruz da Graciosa,Física,641.75,https://randomuser.me/api/portraits/men/9.jpg
471,Bárbara Faria,37,M,Lourinhã,Online,853.45,https://randomuser.me/api/portraits/men/40.jpg
472,Leonor Pinho,39,M,Ponta Delgada,Online,567.64,https://randomuser.me/api/portraits/women/79.jpg
473,Rafaela Maia,61,M,Pedrógão Grande,Física,903.12,https://randomuser.me/api/portraits/men/29.jpg
474,Dinis da Pires,68,F,Évora,Online,250.6,https://randomuser.me/api/portraits/women/11.jpg
475,Gaspar Borges,27,F,Lousada,Online,426.45,https://randomuser.me/api/portraits/women/60.jpg
476,Bruna da Andrade,59,M,Sobral de Monte Agraço,Física,199.44,https://randomuser.me/api/portraits/women/42.jpg
477,Luísa Pereira,21,F,Olhão,Física,597.6,https://randomuser.me/api/portraits/men/59.jpg
478,Filipe Lourenço,55,M,Almada,Física,598.25,https://randomuser.me/api/portraits/women/84.jpg
479,Sebastião Pacheco,66,M,Tábua,Física,922.14,https://randomuser.me/api/portraits/women/49.jpg
480,Noah Cruz,65,F,Montalegre,Física,742.22,https://randomuser.me/api/portraits/men/10.jpg
481,Alícia Assunção,56,F,Sines,Física,654.14,https://randomuser.me/api/portraits/men/40.jpg
482,Salomé Vieira,65,F,Praia da Vitória,Física,756.23,https://randomuser.me/api/portraits/men/4.jpg
483,Luna Amorim,59,M,Moita,Física,380.24,https://randomuser.me/api/portraits/men/91.jpg
484,Ema Campos,41,M,Oliveira do Hospital,Online,124.11,https://randomuser.me/api/portraits/men/9.jpg
485,Gabriela Antunes,45,M,Fafe,Física,427.99,https://randomuser.me/api/portraits/women/59.jpg
486,Helena Coelho,51,M,Sousel,Física,794.16,https://randomuser.me/api/portraits/men/86.jpg
487,Alícia-Alice Silva,50,M,Nazaré,Física,783.59,https://randomuser.me/api/portraits/men/52.jpg
488,Diogo Sousa,59,M,Oliveira do Hospital,Física,163.98,https://randomuser.me/api/portraits/women/15.jpg
489,Sara Guerreiro,52,M,Horta,Online,255.82,https://randomuser.me/api/portraits/women/1.jpg
490,Cláudio Oliveira,62,M,Mealhada,Online,935.11,https://randomuser.me/api/portraits/women/7.jpg
491,Júlia da Neves,59,M,Ourique,Física,504.14,https://randomuser.me/api/portraits/men/38.jpg
492,Luísa Torres-Matos,47,M,Montalegre,Online,840.47,https://randomuser.me/api/portraits/men/10.jpg
493,Salvador Assunção,46,F,Amadora,Física,662.08,https://randomuser.me/api/portraits/women/14.jpg
494,Kelly Leal,68,M,Vila do Bispo,Física,808.31,https://randomuser.me/api/portraits/men/23.jpg
495,Luciana Mendes,66,M,Cabeceiras de Basto,Online,860.28,https://randomuser.me/api/portraits/women/86.jpg
496,Daniela Rodrigues,57,F,Loures,Online,111.81,https://randomuser.me/api/portraits/men/20.jpg
497,Mariana-Emma Monteiro,32,F,Vila Franca do Campo,Online,350.5,https://randomuser.me/api/portraits/men/16.jpg
498,Luna Silva,38,M,Albufeira,Online,886.32,https://randomuser.me/api/portraits/women/27.jpg
499,Bryan Amaral,31,M,Alvito,Física,370.45,https://randomuser.me/api/portraits/women/84.jpg
500,Carolina Amaral,21,F,Seia,Online,127.18,https://randomuser.me/api/portraits/women/47.jpg
501,Noa de Lima,34,M,Fátima,Online,998.66,https://randomuser.me/api/portraits/men/28.jpg
502,Beatriz Soares,60,M,Barrancos,Física,775.15,https://randomuser.me/api/portraits/women/9.jpg
503,Ângelo Lopes,27,F,Vila Nova de Famalicão,Online,543.8,https://randomuser.me/api/portraits/women/11.jpg
504,Alícia de Soares,39,F,Grândola,Online,650.21,https://randomuser.me/api/portraits/men/30.jpg
505,Daniela Teixeira-Esteves,37,M,Santa Cruz da Graciosa,Online,188.56,https://randomuser.me/api/portraits/men/82.jpg
506,Gil Almeida,40,F,Tavira,Online,916.16,https://randomuser.me/api/portraits/women/10.jpg
507,Kevin Almeida,64,F,Monção,Online,892.53,https://randomuser.me/api/portraits/men/73.jpg
508,Petra Campos,29,M,Cantanhede,Online,239.16,https://randomuser.me/api/portraits/men/79.jpg
509,Benedita Guerreiro,41,M,Ponte da Barca,Online,283.74,https://randomuser.me/api/portraits/men/96.jpg
510,Ângela Ramos,62,M,Caldas da Rainha,Física,606.54,https://randomuser.me/api/portraits/women/26.jpg
511,Henrique Alves,55,M,Ponta Delgada,Física,132.83,https://randomuser.me/api/portraits/women/73.jpg
512,Letícia Barros-Matos,65,M,Oliveira de Azeméis,Online,843.09,https://randomuser.me/api/portraits/women/4.jpg
513,Wilson Jesus,47,F,Barrancos,Física,288.91,https://randomuser.me/api/portraits/women/32.jpg
514,Bruna Sousa,27,M,Lagos,Física,565.57,https://randomuser.me/api/portraits/men/98.jpg
515,Renata Melo-Carneiro,19,M,Aljezur,Online,334.64,https://randomuser.me/api/portraits/men/59.jpg
516,Ariana-Rafaela Santos,53,F,Olhão,Online,426.53,https://randomuser.me/api/portraits/women/84.jpg
517,Luana Fonseca,24,F,Almada,Física,164.0,https://randomuser.me/api/portraits/men/91.jpg
518,Rita de Machado,67,M,Ferreira do Alentejo,Online,254.04,https://randomuser.me/api/portraits/men/93.jpg
519,Renata Freitas,25,M,Mira,Física,240.67,https://randomuser.me/api/portraits/women/52.jpg
520,Kelly-Alice Monteiro,20,F,Mértola,Física,981.85,https://randomuser.me/api/portraits/men/80.jpg
521,Anita Assunção,64,F,Fafe,Online,462.89,https://randomuser.me/api/portraits/women/11.jpg
522,Matias Gaspar,54,F,Peniche,Física,808.59,https://randomuser.me/api/portraits/women/88.jpg
523,Ema Correia,31,M,Portel,Online,475.63,https://randomuser.me/api/portraits/men/49.jpg
524,Fernando Branco,35,M,Almodôvar,Online,938.58,https://randomuser.me/api/portraits/women/64.jpg
525,Gaspar Nogueira,19,M,Horta,Online,461.1,https://randomuser.me/api/portraits/men/16.jpg
526,Luana Nogueira,58,F,Portel,Física,456.83,https://randomuser.me/api/portraits/men/30.jpg
527,Gonçalo Valente,58,M,Tondela,Física,969.44,https://randomuser.me/api/portraits/men/56.jpg
528,Artur Mendes,40,M,Arraiolos,Física,449.26,https://randomuser.me/api/portraits/women/71.jpg
529,Camila Tavares,62,F,Lisboa,Online,229.43,https://randomuser.me/api/portraits/men/60.jpg
530,Mauro de Torres,55,F,Monchique,Física,800.63,https://randomuser.me/api/portraits/men/91.jpg
531,Iara Pinto,52,F,Redondo,Física,947.75,https://randomuser.me/api/portraits/men/90.jpg
532,Benjamim Moura,22,M,Sines,Online,618.39,https://randomuser.me/api/portraits/men/8.jpg
533,Rafaela Amorim,55,F,Penamacor,Física,313.32,https://randomuser.me/api/portraits/women/78.jpg
534,Caetana Magalhães,66,M,Vendas Novas,Física,594.54,https://randomuser.me/api/portraits/men/54.jpg
535,Clara da Monteiro,30,F,Viana do Alentejo,Online,731.22,https://randomuser.me/api/portraits/men/42.jpg
536,Isabela Miranda,46,F,Azambuja,Online,191.65,https://randomuser.me/api/portraits/women/79.jpg
537,Bianca Ramos,50,M,Sertã,Física,800.93,https://randomuser.me/api/portraits/men/90.jpg
538,Luciana do Tavares,54,F,Lisboa,Física,829.79,https://randomuser.me/api/portraits/men/45.jpg
539,Ema de Martins,47,M,Porto de Mós,Física,416.46,https://randomuser.me/api/portraits/men/89.jpg
540,Victória Pacheco,26,F,Santa Cruz das Flores,Online,502.22,https://randomuser.me/api/portraits/men/60.jpg
541,Benjamim Nunes,34,M,Odivelas,Física,189.56,https://randomuser.me/api/portraits/men/31.jpg
542,Érica Soares,66,F,Loures,Física,137.15,https://randomuser.me/api/portraits/women/55.jpg
543,Íris Abreu,43,F,Paredes,Física,586.7,https://randomuser.me/api/portraits/men/97.jpg
544,Gustavo Lopes,24,M,Arcos de Valdevez,Online,625.97,https://randomuser.me/api/portraits/men/80.jpg
545,Santiago Lopes,51,M,Barrancos,Online,255.21,https://randomuser.me/api/portraits/men/61.jpg
546,Álvaro Cruz,64,F,Olhão,Online,579.97,https://randomuser.me/api/portraits/women/86.jpg
547,Kevin Leal,32,F,Amares,Online,821.62,https://randomuser.me/api/portraits/women/92.jpg
548,Emma Pinto,35,M,Velas,Física,613.68,https://randomuser.me/api/portraits/women/49.jpg
549,Erica-Juliana Alves,27,F,Vila do Corvo,Física,717.16,https://randomuser.me/api/portraits/women/90.jpg
550,Isabela Borges,69,F,Machico,Física,595.37,https://randomuser.me/api/portraits/women/71.jpg
551,Cláudio Vieira,50,F,Alenquer,Física,108.38,https://randomuser.me/api/portraits/men/64.jpg
552,Yasmin-Ariana Mota,46,F,Terras de Bouro,Física,787.3,https://randomuser.me/api/portraits/men/47.jpg
553,Ema Antunes,40,M,Bragança,Online,202.92,https://randomuser.me/api/portraits/men/34.jpg
554,Camila Moura,31,M,Oliveira do Bairro,Online,742.24,https://randomuser.me/api/portraits/men/89.jpg
555,Martim Abreu,69,M,Vila Real,Online,725.36,https://randomuser.me/api/portraits/men/53.jpg
556,Bruna Lopes,41,F,Monchique,Online,774.24,https://randomuser.me/api/portraits/women/83.jpg
557,Rafaela Oliveira,27,F,Braga,Online,846.59,https://randomuser.me/api/portraits/women/23.jpg
558,Ricardo Almeida-Miranda,49,F,Amadora,Online,981.56,https://randomuser.me/api/portraits/men/50.jpg
559,Cristiano Carneiro,58,F,Anadia,Online,107.21,https://randomuser.me/api/portraits/men/3.jpg
560,Vitória-Constança Castro,49,F,Terras de Bouro,Física,734.66,https://randomuser.me/api/portraits/women/97.jpg
561,Alexandra do Domingues,23,M,Faro,Online,100.91,https://randomuser.me/api/portraits/men/66.jpg
562,Teresa Moreira,40,M,Torres Vedras,Física,890.56,https://randomuser.me/api/portraits/men/79.jpg
563,Érica da Pacheco,35,M,Alcobaça,Física,685.67,https://randomuser.me/api/portraits/men/27.jpg
564,Valentina da Vicente,39,F,Aljezur,Online,715.48,https://randomuser.me/api/portraits/women/67.jpg
565,José Jesus,61,F,Valença,Online,420.79,https://randomuser.me/api/portraits/women/31.jpg
566,Pilar Figueiredo,62,F,Ovar,Online,791.47,https://randomuser.me/api/portraits/women/17.jpg
567,Vera Pinto-Oliveira,55,F,Peniche,Física,617.57,https://randomuser.me/api/portraits/women/57.jpg
568,Ivo Correia,27,M,Ílhavo,Online,339.76,https://randomuser.me/api/portraits/men/78.jpg
569,Bruna Gomes,33,F,Aljezur,Física,314.06,https://randomuser.me/api/portraits/men/33.jpg
570,Lisandro Melo,35,F,Bombarral,Online,983.78,https://randomuser.me/api/portraits/women/53.jpg
571,Carlos Nogueira,53,M,Penalva do Castelo,Online,889.8,https://randomuser.me/api/portraits/men/1.jpg
572,Núria Amaral,20,F,Vagos,Física,488.06,https://randomuser.me/api/portraits/women/78.jpg
573,Fabiana Gonçalves,24,M,Sobral de Monte Agraço,Online,274.44,https://randomuser.me/api/portraits/women/93.jpg
574,Catarina Barbosa,65,M,Paços de Ferreira,Física,844.99,https://randomuser.me/api/portraits/women/27.jpg
575,Lisandro de Baptista,22,F,Portalegre,Física,248.43,https://randomuser.me/api/portraits/men/83.jpg
576,Miguel Correia,57,M,Montemor-o-Velho,Online,643.52,https://randomuser.me/api/portraits/women/46.jpg
577,Duarte Brito-Pinto,69,M,Angra do Heroísmo,Online,428.32,https://randomuser.me/api/portraits/women/86.jpg
578,Madalena Azevedo,37,M,Oliveira do Bairro,Física,797.2,https://randomuser.me/api/portraits/women/17.jpg
579,Manuel Gomes,45,M,Coruche,Online,431.9,https://randomuser.me/api/portraits/men/58.jpg
580,Leonor de Barros,32,M,Melgaço,Online,388.7,https://randomuser.me/api/portraits/men/10.jpg
581,Luísa Moreira,38,M,Anadia,Física,768.77,https://randomuser.me/api/portraits/women/48.jpg
582,Leandro Batista,20,F,Azambuja,Online,587.82,https://randomuser.me/api/portraits/men/71.jpg
583,Laura Jesus,64,F,Vila Viçosa,Física,114.77,https://randomuser.me/api/portraits/men/96.jpg
584,Daniel Machado,46,F,Barrancos,Física,599.03,https://randomuser.me/api/portraits/women/5.jpg
585,Lisandro Cruz,53,F,Aljustrel,Online,705.29,https://randomuser.me/api/portraits/men/41.jpg
586,David Santos-Cardoso,65,F,Vila Nova de Poiares,Física,481.49,https://randomuser.me/api/portraits/women/75.jpg
587,Noa Nunes,67,F,Cabeceiras de Basto,Online,932.43,https://randomuser.me/api/portraits/men/22.jpg
588,Carlos do Miranda,18,M,Praia da Vitória,Física,675.77,https://randomuser.me/api/portraits/women/36.jpg
589,Adriana Gaspar,51,M,Angra do Heroísmo,Online,773.69,https://randomuser.me/api/portraits/men/28.jpg
590,Alice Guerreiro,59,M,Lajes das Flores,Online,776.66,https://randomuser.me/api/portraits/men/23.jpg
591,Lara Vicente,70,F,São Brás de Alportel,Física,243.34,https://randomuser.me/api/portraits/women/89.jpg
592,Mafalda Valente,68,M,Arraiolos,Online,998.6,https://randomuser.me/api/portraits/men/91.jpg
593,Luciana Pires,34,M,Marco de Canaveses,Online,990.45,https://randomuser.me/api/portraits/men/24.jpg
594,Vera Matos,58,M,Alvito,Online,859.89,https://randomuser.me/api/portraits/men/20.jpg
595,Kevin Garcia,64,M,Beja,Física,580.32,https://randomuser.me/api/portraits/women/38.jpg
596,Bruna Lourenço,26,F,Murtosa,Física,315.5,https://randomuser.me/api/portraits/women/61.jpg
597,Isaac do Sousa,42,M,Vieira do Minho,Online,508.51,https://randomuser.me/api/portraits/women/12.jpg
598,Rui Assunção,44,M,Oliveira do Hospital,Física,400.24,https://randomuser.me/api/portraits/women/75.jpg
599,Edgar Soares,22,M,Santa Cruz das Flores,Online,106.38,https://randomuser.me/api/portraits/women/46.jpg
600,Artur Lima,37,F,Braga,Online,470.35,https://randomuser.me/api/portraits/women/57.jpg
601,Adriana-Daniela Monteiro,30,M,Lisboa,Física,789.44,https://randomuser.me/api/portraits/men/99.jpg
602,Larissa-Maria Abreu,70,F,Penamacor,Física,481.57,https://randomuser.me/api/portraits/women/40.jpg
603,Duarte Vaz,25,M,Almeirim,Física,647.6,https://randomuser.me/api/portraits/men/61.jpg
604,Cláudio da Costa,56,F,Olhão,Online,509.39,https://randomuser.me/api/portraits/men/63.jpg
605,Ivan Valente,24,F,Castro Marim,Online,299.7,https://randomuser.me/api/portraits/women/53.jpg
606,Vera-Matilde Sá,57,M,Ourique,Física,775.24,https://randomuser.me/api/portraits/women/35.jpg
607,Diogo Lopes,41,M,Albufeira,Online,395.25,https://randomuser.me/api/portraits/men/37.jpg
608,Filipa Silva,25,F,Vale de Cambra,Online,886.29,https://randomuser.me/api/portraits/women/57.jpg
609,Mário Reis,44,F,Sintra,Física,947.9,https://randomuser.me/api/portraits/women/22.jpg
610,Érica Matos,51,F,Évora,Física,149.35,https://randomuser.me/api/portraits/men/27.jpg
611,Sebastião Paiva,28,F,Vendas Novas,Física,301.53,https://randomuser.me/api/portraits/women/54.jpg
612,Jéssica Cruz,70,F,Vila do Porto,Online,828.16,https://randomuser.me/api/portraits/women/89.jpg
613,William Leal,29,F,Sousel,Online,769.46,https://randomuser.me/api/portraits/women/31.jpg
614,Dinis Campos-Valente,62,F,Penalva do Castelo,Online,811.58,https://randomuser.me/api/portraits/men/71.jpg
615,Laura Correia,43,F,Castro Verde,Online,857.39,https://randomuser.me/api/portraits/men/89.jpg
616,Clara Baptista,22,M,Caminha,Online,689.71,https://randomuser.me/api/portraits/men/96.jpg
617,Nair-Eduarda Leal,24,F,Ponta Delgada,Física,155.51,https://randomuser.me/api/portraits/men/44.jpg
618,Kyara Machado,66,F,Castro Marim,Online,863.68,https://randomuser.me/api/portraits/women/62.jpg
619,Filipa Assunção,61,F,Ponta Delgada,Online,406.18,https://randomuser.me/api/portraits/women/14.jpg
620,Mauro Miranda,61,M,Vila Real de Santo António,Física,194.91,https://randomuser.me/api/portraits/men/85.jpg
621,Eva-Carlota Henriques,56,M,São Brás de Alportel,Online,977.66,https://randomuser.me/api/portraits/women/47.jpg
622,Rafaela Reis-Borges,58,M,Oeiras,Física,226.21,https://randomuser.me/api/portraits/women/41.jpg
623,Anita Gonçalves,70,F,Leiria,Física,408.95,https://randomuser.me/api/portraits/men/0.jpg
624,Noa Campos,38,F,Velas,Física,495.9,https://randomuser.me/api/portraits/women/14.jpg
625,Sofia do Paiva,52,F,Santa Cruz das Flores,Física,963.4,https://randomuser.me/api/portraits/women/63.jpg
626,Emanuel Almeida,59,F,Almodôvar,Física,734.22,https://randomuser.me/api/portraits/men/51.jpg
627,Raquel Loureiro,25,M,Lousã,Física,226.56,https://randomuser.me/api/portraits/men/33.jpg
628,Gustavo Neves,54,M,Santa Cruz da Graciosa,Online,775.06,https://randomuser.me/api/portraits/women/75.jpg
629,Francisco Coelho,66,F,Valença,Física,532.64,https://randomuser.me/api/portraits/men/71.jpg
630,Emanuel Carneiro,39,M,Vila Nova de Gaia,Online,872.16,https://randomuser.me/api/portraits/men/58.jpg
631,Sofia Neves,35,F,Celorico de Basto,Online,136.31,https://randomuser.me/api/portraits/women/33.jpg
632,Kelly-Leonor Neves,47,F,Funchal,Física,977.45,https://randomuser.me/api/portraits/women/56.jpg
633,Sandro do Andrade,40,M,Monchique,Online,805.41,https://randomuser.me/api/portraits/women/0.jpg
634,Ricardo Neto,60,M,Castanheira de Pêra,Online,325.75,https://randomuser.me/api/portraits/women/51.jpg
635,Ângela Silva,54,F,Ourique,Física,493.83,https://randomuser.me/api/portraits/men/30.jpg
636,Valentim Tavares,25,F,Mirandela,Física,277.22,https://randomuser.me/api/portraits/men/16.jpg
637,Andreia Costa,27,M,Penalva do Castelo,Física,995.01,https://randomuser.me/api/portraits/men/49.jpg
638,Emília da Pinho,44,M,Faro,Física,660.08,https://randomuser.me/api/portraits/men/72.jpg
639,Patrícia-Carlota Freitas,25,F,Azambuja,Física,558.35,https://randomuser.me/api/portraits/women/47.jpg
640,Frederico de Neves,70,F,Lajes do Pico,Online,283.87,https://randomuser.me/api/portraits/women/42.jpg
641,Joana da Moreira,27,F,Vila Verde,Física,324.35,https://randomuser.me/api/portraits/women/13.jpg
642,Raquel-Catarina Reis,49,F,Alvito,Online,662.65,https://randomuser.me/api/portraits/women/8.jpg
643,Fábio Faria,52,M,Monção,Física,242.88,https://randomuser.me/api/portraits/men/26.jpg
644,Guilherme Azevedo,58,F,Paredes,Física,702.48,https://randomuser.me/api/portraits/men/37.jpg
645,Gabriel Amorim-Barbosa,61,F,São Brás de Alportel,Física,528.88,https://randomuser.me/api/portraits/women/15.jpg
646,Luana Morais-Marques,26,M,Horta,Online,725.6,https://randomuser.me/api/portraits/men/99.jpg
647,Miguel de Nascimento,63,F,Ourique,Física,775.22,https://randomuser.me/api/portraits/men/71.jpg
648,Marco Costa,64,F,Espinho,Online,965.66,https://randomuser.me/api/portraits/men/52.jpg
649,Vera Morais,41,F,Sobral de Monte Agraço,Online,362.29,https://randomuser.me/api/portraits/men/37.jpg
650,Denis do Costa,29,M,Barrancos,Online,121.68,https://randomuser.me/api/portraits/women/62.jpg
651,Benjamim Araújo,40,M,Moita,Física,832.35,https://randomuser.me/api/portraits/women/63.jpg
652,Fabiana Mendes,51,F,Oliveira do Hospital,Física,560.13,https://randomuser.me/api/portraits/men/40.jpg
653,Andreia Assunção,20,M,Loulé,Física,911.79,https://randomuser.me/api/portraits/women/2.jpg
654,Ariana Silva,42,M,Almada,Online,939.45,https://randomuser.me/api/portraits/women/10.jpg
655,Rui Brito-Sá,65,F,Vila Franca do Campo,Online,556.44,https://randomuser.me/api/portraits/women/50.jpg
656,Amélia Gonçalves,48,F,Santiago do Cacém,Física,494.17,https://randomuser.me/api/portraits/women/94.jpg
657,Lucas Melo,43,M,Tavira,Online,531.63,https://randomuser.me/api/portraits/men/64.jpg
658,Sara Lourenço,27,F,Carregal do Sal,Física,402.98,https://randomuser.me/api/portraits/men/19.jpg
659,Nicole Monteiro,51,F,Angra do Heroísmo,Online,688.8,https://randomuser.me/api/portraits/men/0.jpg
660,Dinis Matias,43,F,Funchal,Física,781.71,https://randomuser.me/api/portraits/women/32.jpg
661,Joana Soares,68,F,Santa Cruz da Graciosa,Online,813.17,https://randomuser.me/api/portraits/women/13.jpg
662,Jorge de Baptista,43,M,Soure,Online,135.86,https://randomuser.me/api/portraits/men/97.jpg
663,César Cardoso,27,F,Lagoa,Online,817.04,https://randomuser.me/api/portraits/women/16.jpg
664,Jéssica Alves,60,M,Porto,Física,144.71,https://randomuser.me/api/portraits/women/69.jpg
665,Nádia do Araújo,68,M,Castro Verde,Online,772.97,https://randomuser.me/api/portraits/men/10.jpg
666,Gonçalo Vicente,68,M,Penedono,Online,143.51,https://randomuser.me/api/portraits/men/32.jpg
667,Enzo do Magalhães,42,F,Setúbal,Física,268.81,https://randomuser.me/api/portraits/women/60.jpg
668,Nelson Tavares,69,M,São Brás de Alportel,Física,310.84,https://randomuser.me/api/portraits/men/97.jpg
669,Raquel Mendes,58,M,Estremoz,Online,419.67,https://randomuser.me/api/portraits/men/22.jpg
670,Sandro Melo-Melo,33,F,Maia,Online,735.31,https://randomuser.me/api/portraits/women/91.jpg
671,Ivo Pereira,23,M,Vila Franca do Campo,Online,726.51,https://randomuser.me/api/portraits/men/29.jpg
672,Clara Pereira,52,F,Amarante,Física,597.38,https://randomuser.me/api/portraits/men/48.jpg
673,Francisca Ferreira,69,M,Almodôvar,Online,931.52,https://randomuser.me/api/portraits/men/0.jpg
674,Martim Macedo,53,M,Paredes,Online,150.27,https://randomuser.me/api/portraits/women/89.jpg
675,Marcos Sá,46,M,Alvito,Online,452.38,https://randomuser.me/api/portraits/men/50.jpg
676,Wilson Rocha,43,M,Moura,Online,787.17,https://randomuser.me/api/portraits/women/95.jpg
677,Íris Vicente,41,F,Lajes do Pico,Online,201.36,https://randomuser.me/api/portraits/women/45.jpg
678,Ricardo Correia-Macedo,44,F,Funchal,Online,268.01,https://randomuser.me/api/portraits/women/21.jpg
679,Paulo Pires-Vieira,55,M,Caldas da Rainha,Online,240.75,https://randomuser.me/api/portraits/men/96.jpg
680,Bruno Pinheiro,56,M,Esposende,Online,535.45,https://randomuser.me/api/portraits/men/56.jpg
681,Soraia Moura-Pereira,30,F,Ponta Delgada,Física,569.41,https://randomuser.me/api/portraits/women/39.jpg
682,Joel Nunes,22,M,Vila Franca do Campo,Física,485.82,https://randomuser.me/api/portraits/men/73.jpg
683,Petra Soares,67,M,Vila do Corvo,Física,977.31,https://randomuser.me/api/portraits/women/26.jpg
684,Vera Nunes,33,F,Ílhavo,Física,296.24,https://randomuser.me/api/portraits/women/56.jpg
685,Letícia Batista,29,M,Arcos de Valdevez,Física,580.39,https://randomuser.me/api/portraits/women/79.jpg
686,Rita Jesus,56,F,Coimbra,Online,263.0,https://randomuser.me/api/portraits/women/83.jpg
687,Luísa Henriques,24,F,Estremoz,Online,136.86,https://randomuser.me/api/portraits/women/70.jpg
688,Sandro Branco,29,M,Leiria,Física,886.37,https://randomuser.me/api/portraits/men/93.jpg
689,Santiago Lima,69,F,Odemira,Online,797.16,https://randomuser.me/api/portraits/women/12.jpg
690,Bianca Moreira,38,M,Portel,Online,160.28,https://randomuser.me/api/portraits/men/13.jpg
691,Rita Leal,70,F,Lagos,Física,294.57,https://randomuser.me/api/portraits/women/16.jpg
692,Ema Maia,19,M,Tavira,Online,750.15,https://randomuser.me/api/portraits/women/51.jpg
693,Mara-Kelly Brito,68,M,Portalegre,Física,521.87,https://randomuser.me/api/portraits/women/73.jpg
694,João Fonseca,54,M,Portimão,Física,443.16,https://randomuser.me/api/portraits/men/56.jpg
695,Bernardo Antunes,29,M,Cascais,Online,537.53,https://randomuser.me/api/portraits/men/4.jpg
696,Guilherme Sousa-Lima,65,M,Bragança,Física,885.28,https://randomuser.me/api/portraits/men/83.jpg
697,Simão Gaspar,18,F,Mafra,Online,793.24,https://randomuser.me/api/portraits/women/77.jpg
698,Gil Valente,22,F,Loulé,Física,831.72,https://randomuser.me/api/portraits/men/3.jpg
699,Petra de Azevedo,46,F,Ribeira Grande,Física,506.83,https://randomuser.me/api/portraits/women/39.jpg
700,Sérgio Valente,24,M,Almada,Online,874.17,https://randomuser.me/api/portraits/men/62.jpg
701,Caetana Fonseca,66,M,Batalha,Física,577.76,https://randomuser.me/api/portraits/men/93.jpg
702,Mara Sá,36,F,Nelas,Física,243.35,https://randomuser.me/api/portraits/women/90.jpg
703,Violeta Correia,63,F,Guimarães,Física,515.91,https://randomuser.me/api/portraits/women/76.jpg
704,Vera Fernandes,21,F,Faro,Física,820.24,https://randomuser.me/api/portraits/men/8.jpg
705,Artur Freitas,32,F,Castro Verde,Online,905.59,https://randomuser.me/api/portraits/women/46.jpg
706,Pilar Miranda,63,F,Odivelas,Online,548.67,https://randomuser.me/api/portraits/women/99.jpg
707,Alícia-Daniela Pinto,44,M,Praia da Vitória,Física,123.28,https://randomuser.me/api/portraits/women/19.jpg
708,Ema Paiva,65,M,Vieira do Minho,Física,587.83,https://randomuser.me/api/portraits/women/56.jpg
709,Júlia Vaz,53,M,Aljezur,Online,129.46,https://randomuser.me/api/portraits/men/33.jpg
710,Cristiano Amaral-Gaspar,18,M,Maia,Física,658.1,https://randomuser.me/api/portraits/women/4.jpg
711,Luciana-Inês Machado,64,M,Castro Verde,Online,699.79,https://randomuser.me/api/portraits/women/91.jpg
712,Camila Mendes,28,M,Mora,Online,700.23,https://randomuser.me/api/portraits/men/49.jpg
713,Gustavo Domingues,55,M,Santa Cruz da Graciosa,Física,402.91,https://randomuser.me/api/portraits/women/91.jpg
714,Vítor Campos,49,M,Moura,Online,741.43,https://randomuser.me/api/portraits/men/29.jpg
715,Fernando Loureiro-Brito,29,M,Oliveira do Hospital,Online,587.6,https://randomuser.me/api/portraits/men/29.jpg
716,Leonor Miranda,61,M,Aljezur,Online,991.32,https://randomuser.me/api/portraits/women/90.jpg
717,Amélia Jesus,36,M,Torres Vedras,Online,674.86,https://randomuser.me/api/portraits/women/81.jpg
718,Tomé Leal,52,M,Vila Viçosa,Online,246.65,https://randomuser.me/api/portraits/women/84.jpg
719,Carolina Machado,47,M,Funchal,Online,783.93,https://randomuser.me/api/portraits/men/60.jpg
720,Márcio Maia-Fonseca,59,M,Aljezur,Online,171.29,https://randomuser.me/api/portraits/men/52.jpg
721,Luísa Lourenço,39,F,Moura,Online,596.45,https://randomuser.me/api/portraits/men/2.jpg
722,Bárbara-Alícia Faria,64,M,Alenquer,Online,192.45,https://randomuser.me/api/portraits/women/53.jpg
723,Luca de Pires,46,F,Alcobaça,Online,456.14,https://randomuser.me/api/portraits/women/12.jpg
724,Emília Baptista,23,M,Leiria,Física,370.51,https://randomuser.me/api/portraits/women/49.jpg
725,Ariana Maia,62,F,Vila Real,Online,208.38,https://randomuser.me/api/portraits/men/16.jpg
726,Larissa Henriques,27,F,Angra do Heroísmo,Online,974.74,https://randomuser.me/api/portraits/men/18.jpg
727,Valentim Fernandes,57,M,Sines,Física,707.13,https://randomuser.me/api/portraits/women/79.jpg
728,Luca Gonçalves,24,M,Condeixa-a-Nova,Online,721.09,https://randomuser.me/api/portraits/men/84.jpg
729,Clara-Nair Cardoso,35,F,Rio Maior,Online,781.77,https://randomuser.me/api/portraits/men/57.jpg
730,Gil Lopes,18,M,Alenquer,Física,533.31,https://randomuser.me/api/portraits/women/58.jpg
731,Emília Teixeira,40,F,Moura,Online,869.64,https://randomuser.me/api/portraits/women/99.jpg
732,Salvador Gomes,43,F,Trofa,Física,774.13,https://randomuser.me/api/portraits/women/11.jpg
733,Lia Fernandes,46,M,Velas,Online,734.45,https://randomuser.me/api/portraits/women/43.jpg
734,César Mendes,46,M,Figueiró dos Vinhos,Online,996.5,https://randomuser.me/api/portraits/men/60.jpg
735,Isabela Monteiro,69,M,São Brás de Alportel,Física,120.29,https://randomuser.me/api/portraits/men/80.jpg
736,Isaac Vieira,37,M,Vila do Corvo,Física,622.3,https://randomuser.me/api/portraits/women/59.jpg
737,Lúcia Rocha,58,M,Funchal,Física,826.17,https://randomuser.me/api/portraits/men/54.jpg
738,Duarte Anjos,44,F,Odemira,Física,994.56,https://randomuser.me/api/portraits/men/88.jpg
739,Nicole Gonçalves,70,F,Vila Nova de Cerveira,Física,379.49,https://randomuser.me/api/portraits/men/25.jpg
740,Benjamim Neto-Castro,28,F,Alcoutim,Online,300.19,https://randomuser.me/api/portraits/men/91.jpg
741,Leonor Barbosa-Campos,64,F,Mértola,Física,582.59,https://randomuser.me/api/portraits/men/32.jpg
742,Kelly Martins-Monteiro,33,F,Penacova,Física,625.36,https://randomuser.me/api/portraits/women/72.jpg
743,Cláudio Leal,37,F,Lisboa,Online,674.92,https://randomuser.me/api/portraits/men/46.jpg
744,Alice do Leite,32,M,Santiago do Cacém,Física,225.06,https://randomuser.me/api/portraits/men/52.jpg
745,Adriana Monteiro,55,F,Vieira do Minho,Física,348.54,https://randomuser.me/api/portraits/women/81.jpg
746,Alice Lima,18,M,Guimarães,Online,438.73,https://randomuser.me/api/portraits/men/66.jpg
747,Dinis do Esteves,34,F,Oliveira do Hospital,Física,306.66,https://randomuser.me/api/portraits/women/86.jpg
748,Bárbara Machado,68,F,Trofa,Física,627.33,https://randomuser.me/api/portraits/women/8.jpg
749,Soraia-Bárbara Paiva,39,F,Vila Real,Física,415.43,https://randomuser.me/api/portraits/women/49.jpg
750,David Faria,52,F,Vila do Porto,Física,252.9,https://randomuser.me/api/portraits/women/70.jpg
751,Noah Melo,60,F,Viana do Castelo,Online,688.65,https://randomuser.me/api/portraits/men/67.jpg
752,Kévim do Reis,50,M,Estarreja,Física,616.59,https://randomuser.me/api/portraits/men/35.jpg
753,Luna Pereira,28,F,Vieira do Minho,Online,926.8,https://randomuser.me/api/portraits/women/67.jpg
754,Paulo Vaz,70,F,Albufeira,Física,100.19,https://randomuser.me/api/portraits/men/59.jpg
755,Luís Silva,25,M,Sousel,Online,663.46,https://randomuser.me/api/portraits/men/60.jpg
756,Jaime Neves,68,M,Castro Marim,Física,797.88,https://randomuser.me/api/portraits/women/32.jpg
757,Joaquim Sousa,20,M,Vila Real de Santo António,Física,479.83,https://randomuser.me/api/portraits/men/68.jpg
758,Lourenço Moura,45,M,Loures,Física,273.56,https://randomuser.me/api/portraits/men/4.jpg
759,Manuel Borges,61,M,Ponta Delgada,Online,175.52,https://randomuser.me/api/portraits/women/81.jpg
760,Débora-Bárbara Fernandes,23,F,Almodôvar,Física,282.51,https://randomuser.me/api/portraits/men/71.jpg
761,Carminho Reis,38,M,Castelo de Paiva,Online,960.83,https://randomuser.me/api/portraits/men/61.jpg
762,Irina Nogueira,23,M,Vila Nova de Paiva,Online,276.94,https://randomuser.me/api/portraits/men/47.jpg
763,Mariana Maia,69,F,Ansião,Online,604.71,https://randomuser.me/api/portraits/women/47.jpg
764,Lourenço Batista,35,M,Tondela,Física,359.57,https://randomuser.me/api/portraits/women/2.jpg
765,Ângelo Oliveira,39,M,Tavira,Física,357.8,https://randomuser.me/api/portraits/men/36.jpg
766,Isabela-Salomé Miranda,47,M,Santo Tirso,Online,345.85,https://randomuser.me/api/portraits/women/14.jpg
767,Adriana Barros,19,M,Santa Cruz das Flores,Física,127.51,https://randomuser.me/api/portraits/women/86.jpg
768,Margarida-Carminho Assunção,35,F,Ferreira do Alentejo,Online,510.97,https://randomuser.me/api/portraits/women/26.jpg
769,Nuno Leite,27,M,São Brás de Alportel,Online,858.96,https://randomuser.me/api/portraits/men/70.jpg
770,Bryan Moura,53,M,Velas,Física,504.93,https://randomuser.me/api/portraits/women/11.jpg
771,Camila Pires-Guerreiro,22,F,Vila Franca do Campo,Física,198.1,https://randomuser.me/api/portraits/women/61.jpg
772,Nicole-Mara Freitas,52,F,Covilhã,Física,772.7,https://randomuser.me/api/portraits/women/5.jpg
773,Kelly Tavares,48,M,Vila Nova de Gaia,Online,349.72,https://randomuser.me/api/portraits/women/10.jpg
774,Jéssica Santos-Andrade,65,F,Vila Real de Santo António,Física,780.24,https://randomuser.me/api/portraits/men/66.jpg
775,Margarida Moreira,63,F,Vendas Novas,Online,929.37,https://randomuser.me/api/portraits/women/40.jpg
776,Filipe Sá,61,M,Angra do Heroísmo,Física,496.29,https://randomuser.me/api/portraits/women/81.jpg
777,Gil Freitas,44,M,Cascais,Física,436.51,https://randomuser.me/api/portraits/women/13.jpg
778,Laura do Vaz,44,M,Faro,Física,887.24,https://randomuser.me/api/portraits/women/52.jpg
779,Henrique Macedo,59,M,Sever do Vouga,Física,426.24,https://randomuser.me/api/portraits/women/1.jpg
780,Simão de Nogueira,34,F,Albufeira,Física,943.96,https://randomuser.me/api/portraits/men/37.jpg
781,Teresa Ramos,22,F,Lourinhã,Física,362.4,https://randomuser.me/api/portraits/men/97.jpg
782,Ana Figueiredo,49,M,Ponte de Lima,Online,938.13,https://randomuser.me/api/portraits/men/78.jpg
783,Kelly do Amaral,35,M,Marco de Canaveses,Física,290.39,https://randomuser.me/api/portraits/women/22.jpg
784,Andreia Tavares,59,M,Guimarães,Online,944.33,https://randomuser.me/api/portraits/men/85.jpg
785,Ângela de Antunes,20,F,Ponta Delgada,Online,424.84,https://randomuser.me/api/portraits/men/79.jpg
786,Bruna Pinheiro,58,M,Serpa,Física,190.05,https://randomuser.me/api/portraits/men/84.jpg
787,Lourenço Gaspar-Assunção,29,M,Sintra,Física,149.91,https://randomuser.me/api/portraits/women/3.jpg
788,Soraia Garcia,41,F,Oliveira de Azeméis,Online,180.76,https://randomuser.me/api/portraits/men/72.jpg
789,Afonso Loureiro,61,F,Tavira,Física,351.84,https://randomuser.me/api/portraits/women/10.jpg
790,Lucas da Pires,62,M,Proença-a-Nova,Física,300.62,https://randomuser.me/api/portraits/men/48.jpg
791,Lourenço Andrade-Nogueira,57,F,Lajes das Flores,Física,244.71,https://randomuser.me/api/portraits/women/88.jpg
792,Emma Ferreira,52,M,Vale de Cambra,Online,670.44,https://randomuser.me/api/portraits/men/89.jpg
793,Álvaro Pinho,32,M,Loures,Online,526.03,https://randomuser.me/api/portraits/women/96.jpg
794,Débora-Francisca Pereira,31,F,Coruche,Física,842.05,https://randomuser.me/api/portraits/women/43.jpg
795,Fernando Santos-Cardoso,59,M,Guimarães,Online,416.51,https://randomuser.me/api/portraits/men/79.jpg
796,Juliana Vicente,60,M,Viana do Castelo,Física,959.75,https://randomuser.me/api/portraits/men/79.jpg
797,Rúben Martins,62,F,Beja,Física,691.39,https://randomuser.me/api/portraits/women/0.jpg
798,Maria Coelho,56,F,Angra do Heroísmo,Física,688.27,https://randomuser.me/api/portraits/women/2.jpg
799,Vasco Cardoso,28,M,Ponta Delgada,Física,914.89,https://randomuser.me/api/portraits/men/28.jpg
800,Noah Amaral,43,F,Lagos,Online,699.07,https://randomuser.me/api/portraits/women/46.jpg
801,Bárbara Brito,29,M,Loulé,Física,402.32,https://randomuser.me/api/portraits/men/7.jpg
802,Yara Martins,43,M,Sertã,Física,964.06,https://randomuser.me/api/portraits/men/42.jpg
803,Nuno de Ribeiro,44,F,Aljezur,Física,116.16,https://randomuser.me/api/portraits/men/69.jpg
804,Sebastião Pires,21,F,Braga,Online,597.55,https://randomuser.me/api/portraits/men/76.jpg
805,Francisca Costa,61,M,Celorico de Basto,Física,334.03,https://randomuser.me/api/portraits/men/92.jpg
806,Rita Gaspar,29,M,Praia da Vitória,Online,279.38,https://randomuser.me/api/portraits/women/67.jpg
807,Gil Garcia,53,F,Vila Real,Física,163.42,https://randomuser.me/api/portraits/women/80.jpg
808,Larissa Garcia,53,M,Aguiar da Beira,Online,424.39,https://randomuser.me/api/portraits/men/76.jpg
809,Clara Machado,61,F,Funchal,Online,665.35,https://randomuser.me/api/portraits/women/95.jpg
810,Adriana Cunha,38,F,Valongo,Física,798.92,https://randomuser.me/api/portraits/men/55.jpg
811,Diego Andrade,33,M,Portel,Física,135.18,https://randomuser.me/api/portraits/women/96.jpg
812,Alexandre Domingues,29,M,Silves,Física,421.62,https://randomuser.me/api/portraits/women/66.jpg
813,Marcos Pinto,51,M,Sintra,Física,593.3,https://randomuser.me/api/portraits/men/2.jpg
814,Sara-Leonor Ramos,56,F,Guimarães,Física,754.92,https://randomuser.me/api/portraits/women/57.jpg
815,Lucas Ferreira,30,M,Alcácer do Sal,Física,595.25,https://randomuser.me/api/portraits/men/55.jpg
816,Melissa Gomes,48,F,Vila do Porto,Online,671.83,https://randomuser.me/api/portraits/women/66.jpg
817,Jéssica Pinheiro,30,F,Castro Verde,Online,292.93,https://randomuser.me/api/portraits/men/92.jpg
818,Fabiana Branco,47,M,Vizela,Física,384.06,https://randomuser.me/api/portraits/women/65.jpg
819,Carolina Tavares,30,M,Lajes das Flores,Física,965.53,https://randomuser.me/api/portraits/women/79.jpg
820,Mariana Vieira,64,M,Santiago do Cacém,Física,653.59,https://randomuser.me/api/portraits/women/83.jpg
821,Rafael Valente,60,M,Lagos,Online,187.58,https://randomuser.me/api/portraits/men/68.jpg
822,Tomás Campos,63,F,Montalegre,Física,397.01,https://randomuser.me/api/portraits/men/13.jpg
823,Isaac Baptista-Barbosa,45,F,Vieira do Minho,Online,611.13,https://randomuser.me/api/portraits/women/94.jpg
824,Bruna Campos,58,F,Lagos,Online,358.79,https://randomuser.me/api/portraits/men/52.jpg
825,Leonardo de Vieira,32,M,Vagos,Física,136.4,https://randomuser.me/api/portraits/men/21.jpg
826,Iara Guerreiro,70,F,Vouzela,Física,884.26,https://randomuser.me/api/portraits/men/57.jpg
827,Margarida Tavares,18,F,Amadora,Online,466.29,https://randomuser.me/api/portraits/women/7.jpg
828,Naiara-Valentina Antunes,24,M,Lagoa,Física,703.32,https://randomuser.me/api/portraits/men/2.jpg
829,Luna Barros,38,M,Vieira do Minho,Física,602.2,https://randomuser.me/api/portraits/men/6.jpg
830,Gaspar Brito,55,M,Vila Real de Santo António,Física,749.47,https://randomuser.me/api/portraits/women/20.jpg
831,Andreia Nunes,42,M,Santa Cruz das Flores,Física,115.35,https://randomuser.me/api/portraits/women/80.jpg
832,Benjamim Sousa,44,M,Cuba,Física,615.15,https://randomuser.me/api/portraits/women/51.jpg
833,Leonardo Marques,49,F,Idanha-a-Nova,Online,949.71,https://randomuser.me/api/portraits/women/97.jpg
834,Jaime Carneiro,67,M,Braga,Física,663.47,https://randomuser.me/api/portraits/women/53.jpg
835,Mário Gomes,38,M,Lisboa,Física,555.72,https://randomuser.me/api/portraits/men/16.jpg
836,Benedita Amaral,62,F,Lisboa,Online,323.46,https://randomuser.me/api/portraits/men/83.jpg
837,Inês Guerreiro,60,F,Moimenta da Beira,Física,690.62,https://randomuser.me/api/portraits/women/92.jpg
838,Nuno Neto,21,M,Fafe,Física,138.3,https://randomuser.me/api/portraits/women/72.jpg
839,Diana Torres,36,F,Montemor-o-Novo,Online,643.92,https://randomuser.me/api/portraits/women/1.jpg
840,Rita Coelho,59,M,Aljustrel,Online,443.24,https://randomuser.me/api/portraits/men/18.jpg
841,Nicole Ribeiro,19,F,Santiago do Cacém,Online,920.15,https://randomuser.me/api/portraits/men/76.jpg
842,Rodrigo Faria,18,F,Ponta Delgada,Física,161.84,https://randomuser.me/api/portraits/men/81.jpg
843,Luciana Valente,60,F,Albergaria-a-Velha,Online,783.55,https://randomuser.me/api/portraits/men/27.jpg
844,Lucas Borges-Leite,44,M,Ponte de Sor,Física,224.36,https://randomuser.me/api/portraits/women/31.jpg
845,Nádia Machado-Pinho,55,M,Azambuja,Online,962.2,https://randomuser.me/api/portraits/women/48.jpg
846,Martim Leite,43,M,Vila do Bispo,Física,997.12,https://randomuser.me/api/portraits/women/27.jpg
847,Bruna Borges,55,M,Guimarães,Física,496.27,https://randomuser.me/api/portraits/women/58.jpg
848,Marcos Ferreira,60,M,Santa Maria da Feira,Física,201.41,https://randomuser.me/api/portraits/men/37.jpg
849,Joel Neves,33,F,Alcochete,Física,785.53,https://randomuser.me/api/portraits/men/0.jpg
850,Isabela Costa,65,M,Cascais,Online,405.11,https://randomuser.me/api/portraits/women/50.jpg
851,Alexandre Oliveira,35,F,Sever do Vouga,Online,739.48,https://randomuser.me/api/portraits/women/80.jpg
852,Tomás Morais,69,F,Olhão,Online,758.61,https://randomuser.me/api/portraits/men/54.jpg
853,Victória Ribeiro,52,M,Horta,Física,294.26,https://randomuser.me/api/portraits/women/83.jpg
854,Mário Cardoso,61,F,Redondo,Online,540.71,https://randomuser.me/api/portraits/men/95.jpg
855,Alexandra Anjos,34,F,Penafiel,Online,750.99,https://randomuser.me/api/portraits/men/72.jpg
856,Brian Melo,46,M,Loulé,Online,730.45,https://randomuser.me/api/portraits/women/29.jpg
857,Rodrigo de Magalhães,23,M,Cascais,Física,255.24,https://randomuser.me/api/portraits/men/88.jpg
858,Joana Barbosa,44,M,Castelo de Paiva,Online,611.04,https://randomuser.me/api/portraits/women/74.jpg
859,Micael Barbosa,65,F,Moimenta da Beira,Online,317.41,https://randomuser.me/api/portraits/women/50.jpg
860,Renato Rodrigues-Torres,43,M,Ribeira Grande,Física,666.73,https://randomuser.me/api/portraits/women/28.jpg
861,Valentina da Correia,24,F,Silves,Física,407.67,https://randomuser.me/api/portraits/men/97.jpg
862,Luca Mendes,44,M,Lajes das Flores,Online,442.06,https://randomuser.me/api/portraits/women/69.jpg
863,Eduardo Matos,67,F,Alcoutim,Física,185.39,https://randomuser.me/api/portraits/women/85.jpg
864,Mia Rocha,21,F,Ribeira Grande,Online,568.58,https://randomuser.me/api/portraits/men/48.jpg
865,Ema Matos,52,M,Alcobaça,Física,865.13,https://randomuser.me/api/portraits/men/53.jpg
866,Sebastião Garcia,46,M,Vendas Novas,Física,967.49,https://randomuser.me/api/portraits/women/30.jpg
867,Noa Borges,54,M,Alvito,Física,757.9,https://randomuser.me/api/portraits/women/50.jpg
868,Mafalda Nascimento,60,M,Lagos,Online,317.77,https://randomuser.me/api/portraits/women/24.jpg
869,Erica-Emma Amorim,55,F,Monchique,Online,954.2,https://randomuser.me/api/portraits/men/92.jpg
870,Sandro Melo-Gomes,51,F,Aljustrel,Física,674.22,https://randomuser.me/api/portraits/men/11.jpg
871,Fernando Carneiro,28,F,Castelo de Paiva,Online,121.68,https://randomuser.me/api/portraits/men/18.jpg
872,Daniela Pereira-Moreira,60,F,Amadora,Física,890.44,https://randomuser.me/api/portraits/women/17.jpg
873,Emanuel Domingues,38,M,Leiria,Online,254.82,https://randomuser.me/api/portraits/men/18.jpg
874,Kyara Santos,35,F,Albufeira,Física,391.95,https://randomuser.me/api/portraits/women/87.jpg
875,António Neves,20,M,Caldas da Rainha,Física,340.36,https://randomuser.me/api/portraits/women/92.jpg
876,César de Antunes,68,F,Ferreira do Alentejo,Online,425.6,https://randomuser.me/api/portraits/women/59.jpg
877,Anita-Emília Costa,18,M,Ferreira do Alentejo,Física,672.76,https://randomuser.me/api/portraits/men/81.jpg
878,Érica-Camila Gonçalves,42,F,Vidigueira,Online,661.19,https://randomuser.me/api/portraits/women/61.jpg
879,Fábio Leal-Gaspar,23,M,Ribeira Grande,Online,601.5,https://randomuser.me/api/portraits/women/63.jpg
880,Isaac Fernandes-Matias,40,M,Silves,Física,208.37,https://randomuser.me/api/portraits/women/0.jpg
881,Nádia Vicente,64,F,Maia,Física,929.9,https://randomuser.me/api/portraits/women/22.jpg
882,Raquel Alves,64,F,Vieira do Minho,Online,118.07,https://randomuser.me/api/portraits/men/58.jpg
883,Alice de Amaral,22,F,Castro Verde,Física,646.47,https://randomuser.me/api/portraits/men/66.jpg
884,Ema Jesus,41,F,Vila Nova de Famalicão,Online,481.71,https://randomuser.me/api/portraits/men/17.jpg
885,Samuel Nascimento,29,F,Vidigueira,Online,883.43,https://randomuser.me/api/portraits/men/64.jpg
886,Melissa da Lopes,45,M,Nazaré,Online,630.04,https://randomuser.me/api/portraits/women/1.jpg
887,Wilson Amaral,43,F,Sines,Física,798.9,https://randomuser.me/api/portraits/women/8.jpg
888,Artur Coelho,27,M,S. Pedro do Sul,Online,625.48,https://randomuser.me/api/portraits/men/77.jpg
889,Bianca Paiva,48,M,Barreiro,Física,193.49,https://randomuser.me/api/portraits/women/66.jpg
890,Irina Alves,23,F,Cuba,Online,602.88,https://randomuser.me/api/portraits/men/2.jpg
891,Matias Ramos,57,F,Monchique,Online,236.03,https://randomuser.me/api/portraits/women/34.jpg
892,Nádia Domingues,39,M,Oliveira de Azeméis,Online,748.3,https://randomuser.me/api/portraits/men/36.jpg
893,Santiago Oliveira,41,F,Funchal,Física,679.74,https://randomuser.me/api/portraits/women/70.jpg
894,Lorena Baptista,66,M,Odivelas,Online,678.49,https://randomuser.me/api/portraits/women/84.jpg
895,Cristiano Figueiredo,48,F,Aveiro,Física,216.25,https://randomuser.me/api/portraits/men/67.jpg
896,Brian Melo,60,M,Santiago do Cacém,Online,993.65,https://randomuser.me/api/portraits/men/58.jpg
897,Edgar Nunes,69,F,Montijo,Online,696.24,https://randomuser.me/api/portraits/men/23.jpg
898,Gil Jesus,54,M,Silves,Online,559.11,https://randomuser.me/api/portraits/men/68.jpg
899,Mariana-Andreia Correia,38,M,Guarda,Física,857.91,https://randomuser.me/api/portraits/women/78.jpg
900,Alícia-Petra Vaz,66,F,Castro Verde,Online,253.16,https://randomuser.me/api/portraits/women/8.jpg
901,Eduarda Cruz,41,M,Valongo,Física,922.62,https://randomuser.me/api/portraits/women/81.jpg
902,Rafael Gomes-Jesus,58,F,Paços de Ferreira,Física,788.39,https://randomuser.me/api/portraits/women/0.jpg
903,Salvador Nogueira,18,M,Silves,Física,593.59,https://randomuser.me/api/portraits/women/29.jpg
904,Renato da Matias,66,M,Praia da Vitória,Online,297.76,https://randomuser.me/api/portraits/men/14.jpg
905,Ricardo Nogueira,51,F,Pedrógão Grande,Física,236.39,https://randomuser.me/api/portraits/men/54.jpg
906,Gonçalo de Pacheco,37,M,Olhão,Online,678.1,https://randomuser.me/api/portraits/women/14.jpg
907,Violeta Tavares,58,F,Loures,Física,140.6,https://randomuser.me/api/portraits/women/97.jpg
908,Jorge Amaral,47,F,Tábua,Física,888.78,https://randomuser.me/api/portraits/women/94.jpg
909,Kévim Magalhães,24,M,Loulé,Física,149.09,https://randomuser.me/api/portraits/women/41.jpg
910,Ema Leal-Mota,31,F,Silves,Física,577.83,https://randomuser.me/api/portraits/men/98.jpg
911,Lara Ribeiro,46,F,Vila Franca do Campo,Física,559.6,https://randomuser.me/api/portraits/women/45.jpg
912,Emília Valente,52,M,Santa Cruz das Flores,Online,259.08,https://randomuser.me/api/portraits/men/96.jpg
913,Soraia Alves,27,F,Velas,Online,241.9,https://randomuser.me/api/portraits/women/51.jpg
914,Gaspar Neto,44,M,Lisboa,Física,496.27,https://randomuser.me/api/portraits/women/78.jpg
915,Rita Macedo-Henriques,52,M,Ponte da Barca,Online,598.84,https://randomuser.me/api/portraits/men/43.jpg
916,Íris Pereira,54,F,Azambuja,Física,680.09,https://randomuser.me/api/portraits/men/14.jpg
917,Nelson Pinheiro,44,F,Lagoa,Física,412.14,https://randomuser.me/api/portraits/women/56.jpg
918,Gustavo Lopes,28,M,Alenquer,Física,722.48,https://randomuser.me/api/portraits/men/93.jpg
919,Gonçalo Freitas-Oliveira,26,M,Alvito,Online,684.0,https://randomuser.me/api/portraits/women/60.jpg
920,Leandro Neto,35,F,Vila de Rei,Física,239.74,https://randomuser.me/api/portraits/women/39.jpg
921,Nair Loureiro-Lourenço,62,F,Moimenta da Beira,Online,407.4,https://randomuser.me/api/portraits/men/80.jpg
922,Leandro Batista,28,M,Vila do Porto,Física,208.64,https://randomuser.me/api/portraits/men/74.jpg
923,Nuno Mendes,18,M,Póvoa de Lanhoso,Física,231.46,https://randomuser.me/api/portraits/women/32.jpg
924,Enzo Tavares,58,M,Sever do Vouga,Online,629.26,https://randomuser.me/api/portraits/women/81.jpg
925,Nair Cruz,23,M,Sines,Online,231.3,https://randomuser.me/api/portraits/men/8.jpg
926,Bruna da Sousa,32,M,Póvoa de Varzim,Online,158.64,https://randomuser.me/api/portraits/women/33.jpg
927,Martim Baptista,44,F,Tavira,Online,749.34,https://randomuser.me/api/portraits/men/16.jpg
928,Ariana Martins,36,M,Alvaiázere,Física,498.3,https://randomuser.me/api/portraits/women/47.jpg
929,Bianca Neves,46,F,Oliveira do Hospital,Física,484.84,https://randomuser.me/api/portraits/men/88.jpg
930,Tomás Nogueira,59,M,Vila do Corvo,Online,437.52,https://randomuser.me/api/portraits/women/87.jpg
931,Letícia Alves,35,M,Vila Nova de Santo André,Online,501.86,https://randomuser.me/api/portraits/women/66.jpg
932,Bruna Cunha,49,M,Cascais,Física,861.53,https://randomuser.me/api/portraits/men/73.jpg
933,Martim Marques,25,M,Maia,Física,131.9,https://randomuser.me/api/portraits/men/20.jpg
934,Constança Soares,31,M,Castro Marim,Online,255.46,https://randomuser.me/api/portraits/men/63.jpg
935,Bruna Amorim,65,F,São Brás de Alportel,Física,917.51,https://randomuser.me/api/portraits/women/97.jpg
936,Núria Neves,30,F,Santa Cruz da Graciosa,Online,463.5,https://randomuser.me/api/portraits/men/64.jpg
937,Rita Anjos,26,M,Lagos,Online,253.68,https://randomuser.me/api/portraits/men/8.jpg
938,Isabel Sá,41,M,Lagos,Online,518.94,https://randomuser.me/api/portraits/men/7.jpg
939,Yara Campos-Esteves,50,F,Lagos,Física,660.85,https://randomuser.me/api/portraits/men/29.jpg
940,Nuno Azevedo-Simões,34,M,Barcelos,Física,603.54,https://randomuser.me/api/portraits/women/55.jpg
941,Lúcia Costa,63,F,Redondo,Física,884.7,https://randomuser.me/api/portraits/women/81.jpg
942,Dinis Reis,70,F,Machico,Física,191.14,https://randomuser.me/api/portraits/men/21.jpg
943,Paulo Moreira,67,M,Vizela,Física,953.34,https://randomuser.me/api/portraits/women/72.jpg
944,Patrícia Araújo,69,M,Castro Daire,Online,716.1,https://randomuser.me/api/portraits/men/53.jpg
945,Xavier Moreira,51,F,Lagos,Física,589.46,https://randomuser.me/api/portraits/women/19.jpg
946,Marco Torres,69,M,Ponta Delgada,Online,675.11,https://randomuser.me/api/portraits/men/51.jpg
947,Leandro de Lourenço,70,F,São Brás de Alportel,Online,269.55,https://randomuser.me/api/portraits/men/2.jpg
948,Fábio da Anjos,46,F,Mira,Online,387.48,https://randomuser.me/api/portraits/men/78.jpg
949,Micael Baptista-Ramos,46,F,Vila do Corvo,Online,118.98,https://randomuser.me/api/portraits/women/66.jpg
950,Ângelo Pires,60,M,Alenquer,Física,516.07,https://randomuser.me/api/portraits/men/21.jpg
951,Bárbara-Lia Sá,40,M,Amarante,Online,226.95,https://randomuser.me/api/portraits/women/59.jpg
952,César Pinheiro,26,F,Velas,Online,833.63,https://randomuser.me/api/portraits/men/8.jpg
953,Alexandra Lourenço,48,M,Santiago do Cacém,Online,418.18,https://randomuser.me/api/portraits/men/87.jpg
954,Patrícia da Fonseca,64,M,Monchique,Física,231.22,https://randomuser.me/api/portraits/men/68.jpg
955,Mara do Alves,48,F,Cuba,Online,810.27,https://randomuser.me/api/portraits/women/66.jpg
956,Leonardo Azevedo,24,F,Alvito,Online,807.07,https://randomuser.me/api/portraits/women/76.jpg
957,Camila Lima,30,F,Alcoutim,Física,511.62,https://randomuser.me/api/portraits/men/79.jpg
958,Raquel Sá,39,F,Paredes de Coura,Online,342.92,https://randomuser.me/api/portraits/women/18.jpg
959,Adriana Rodrigues,54,M,Caminha,Física,729.0,https://randomuser.me/api/portraits/women/25.jpg
960,Lúcia Oliveira,45,M,Porto,Online,451.22,https://randomuser.me/api/portraits/women/38.jpg
961,Afonso Abreu,22,M,Sousel,Física,328.48,https://randomuser.me/api/portraits/men/14.jpg
962,Alexandre do Carneiro,33,M,Lagos,Online,300.36,https://randomuser.me/api/portraits/women/42.jpg
963,Beatriz Abreu,70,M,Valongo,Online,324.75,https://randomuser.me/api/portraits/women/55.jpg
964,Valentim Rocha,53,F,Alenquer,Online,782.36,https://randomuser.me/api/portraits/women/17.jpg
965,Bryan Faria,53,F,Oliveira do Hospital,Online,122.1,https://randomuser.me/api/portraits/women/55.jpg
966,Gil Figueiredo,54,F,Tábua,Física,138.49,https://randomuser.me/api/portraits/men/0.jpg
967,Valentim da Batista,33,F,Espinho,Online,926.41,https://randomuser.me/api/portraits/women/98.jpg
968,Pilar Almeida-Vaz,66,M,Braga,Física,424.38,https://randomuser.me/api/portraits/men/93.jpg
969,Manuel Mendes,20,F,Fafe,Física,292.11,https://randomuser.me/api/portraits/women/69.jpg
970,William Pinheiro,18,M,Figueira da Foz,Física,562.35,https://randomuser.me/api/portraits/men/80.jpg
971,Maria Neto,65,F,Vila do Porto,Online,826.34,https://randomuser.me/api/portraits/women/36.jpg
972,Lisandro de Martins,20,F,Sousel,Online,266.0,https://randomuser.me/api/portraits/women/46.jpg
973,Wilson Valente,51,M,Santa Cruz das Flores,Online,259.16,https://randomuser.me/api/portraits/women/15.jpg
974,Maria Tavares,46,F,Alcochete,Online,229.12,https://randomuser.me/api/portraits/men/25.jpg
975,Gabriel Cunha,18,M,Tavira,Online,197.25,https://randomuser.me/api/portraits/women/8.jpg
976,Eduarda Cunha,44,M,Alenquer,Física,176.15,https://randomuser.me/api/portraits/men/34.jpg
977,Violeta Ferreira,31,F,Loures,Online,147.8,https://randomuser.me/api/portraits/men/20.jpg
978,Flor da Brito,26,F,Ansião,Física,610.94,https://randomuser.me/api/portraits/men/42.jpg
979,Luna Garcia,63,M,Vila do Porto,Online,191.59,https://randomuser.me/api/portraits/men/96.jpg
980,Yasmin Azevedo,26,F,Braga,Física,267.41,https://randomuser.me/api/portraits/men/81.jpg
981,Tomé Mota,19,F,Valença,Física,341.48,https://randomuser.me/api/portraits/women/62.jpg
982,André Amorim,23,F,Olhão,Física,103.95,https://randomuser.me/api/portraits/men/99.jpg
983,Vicente Campos,57,M,Peniche,Física,471.99,https://randomuser.me/api/portraits/women/75.jpg
984,Lisandro Pacheco,49,M,Santa Cruz das Flores,Online,739.85,https://randomuser.me/api/portraits/women/76.jpg
985,Mário Loureiro,70,F,Portimão,Online,759.91,https://randomuser.me/api/portraits/men/52.jpg
986,Mateus Valente,42,M,Vila do Corvo,Online,571.45,https://randomuser.me/api/portraits/women/22.jpg
987,Daniel Batista,47,M,Cabeceiras de Basto,Online,374.24,https://randomuser.me/api/portraits/women/93.jpg
988,Maria Castro,59,M,Murtosa,Física,732.11,https://randomuser.me/api/portraits/women/10.jpg
989,Fabiana Anjos,18,F,Trofa,Online,120.49,https://randomuser.me/api/portraits/men/75.jpg
990,Paulo Gaspar,57,M,Sines,Física,257.02,https://randomuser.me/api/portraits/men/35.jpg
991,Francisca Freitas,36,F,Esposende,Física,824.22,https://randomuser.me/api/portraits/men/34.jpg
992,Samuel Matias-Leal,26,F,Castro Marim,Online,596.51,https://randomuser.me/api/portraits/men/64.jpg
993,César Sousa,56,F,Marinha Grande,Física,655.3,https://randomuser.me/api/portraits/women/75.jpg
994,Diogo Maia,29,M,Ourique,Física,646.1,https://randomuser.me/api/portraits/men/57.jpg
995,Paulo Carvalho,19,F,Póvoa de Varzim,Física,500.28,https://randomuser.me/api/portraits/men/67.jpg
996,Eduardo do Gomes,20,M,Faro,Física,969.37,https://randomuser.me/api/portraits/men/12.jpg
997,Lúcia Vicente-Matias,58,F,Ansião,Online,228.67,https://randomuser.me/api/portraits/women/65.jpg
998,Caetana Pereira,63,M,Aveiro,Física,955.7,https://randomuser.me/api/portraits/men/99.jpg
999,Joel Sousa,39,F,Viseu,Física,563.69,https://randomuser.me/api/portraits/men/84.jpg
1000,Sebastião da Freitas,59,M,Lagoa,Online,853.93,https://randomuser.me/api/portraits/men/33.jpg
