Colaborador_ID,Loja_ID,Nome,Função,Horas Trabalhadas Semanais,Avaliação de Desempenho,Vendas Realizadas,Naturalidade,Imagem
1,1,Matilde Leite,Operário,23,4.39,176,Batalha,https://randomuser.me/api/portraits/women/34.jpg
2,1,Adriana-Rafaela Silva,Vendedor,36,2.24,142,Loulé,https://randomuser.me/api/portraits/men/53.jpg
3,5,Francisco Abreu,Operário,25,1.87,115,Arruda dos Vinhos,https://randomuser.me/api/portraits/men/32.jpg
4,1,Gabriela Jesus,Caixa,21,3.57,31,Silves,https://randomuser.me/api/portraits/women/47.jpg
5,3,Iara Figueiredo,Vendedor,37,2.18,68,Praia da Vitória,https://randomuser.me/api/portraits/men/90.jpg
6,2,Alexandra Valente,Vendedor,38,2.93,42,Arcos de Valdevez,https://randomuser.me/api/portraits/women/61.jpg
7,1,Iara Branco,Gerente,28,1.81,80,Amadora,https://randomuser.me/api/portraits/men/36.jpg
8,3,Valentim Mendes,Gerente,25,1.63,96,Oliveira de Azeméis,https://randomuser.me/api/portraits/women/21.jpg
9,4,Marco Branco,Vendedor,38,3.23,136,Caldas da Rainha,https://randomuser.me/api/portraits/men/25.jpg
10,2,Denis Guerreiro,Operário,27,4.19,147,Baião,https://randomuser.me/api/portraits/men/76.jpg
11,1,Xavier Simões,Caixa,40,3.96,144,Funchal,https://randomuser.me/api/portraits/women/54.jpg
12,3,Mauro Figueiredo,Caixa,25,3.86,100,Montijo,https://randomuser.me/api/portraits/men/96.jpg
13,1,Kévim Macedo,Operário,23,2.66,135,Castro Marim,https://randomuser.me/api/portraits/women/70.jpg
14,5,Laura Melo,Caixa,31,3.85,149,Lajes das Flores,https://randomuser.me/api/portraits/men/67.jpg
15,3,Santiago do Gonçalves,Vendedor,37,3.95,152,Coimbra,https://randomuser.me/api/portraits/men/32.jpg
16,4,Xavier Simões,Vendedor,29,3.44,122,Santiago do Cacém,https://randomuser.me/api/portraits/men/38.jpg
17,4,Leonardo Neto,Operário,25,2.67,133,Barcelos,https://randomuser.me/api/portraits/women/90.jpg
18,3,Gonçalo Batista,Caixa,38,4.86,17,Funchal,https://randomuser.me/api/portraits/women/51.jpg
19,1,Filipe Santos-Carneiro,Gerente,22,2.12,91,Caminha,https://randomuser.me/api/portraits/men/5.jpg
20,2,Kyara Pinho,Caixa,34,3.36,52,Oeiras,https://randomuser.me/api/portraits/men/0.jpg
21,1,Sara Amaral,Caixa,20,2.99,77,Praia da Vitória,https://randomuser.me/api/portraits/men/93.jpg
22,5,Rafaela-Sofia Maia,Vendedor,34,2.31,124,Tavira,https://randomuser.me/api/portraits/men/52.jpg
23,3,Letícia Domingues,Caixa,28,2.85,19,Alcochete,https://randomuser.me/api/portraits/men/48.jpg
24,4,Benedita Lopes,Caixa,36,4.85,58,Grândola,https://randomuser.me/api/portraits/women/33.jpg
25,5,Marta Branco,Caixa,28,3.19,30,Moita,https://randomuser.me/api/portraits/men/96.jpg
26,4,Ricardo Araújo-Azevedo,Operário,36,1.73,143,Montijo,https://randomuser.me/api/portraits/women/33.jpg
27,1,Daniel Pereira,Vendedor,38,1.35,12,Penela,https://randomuser.me/api/portraits/men/21.jpg
28,2,Lucas Borges,Vendedor,35,4.91,200,Lagoa,https://randomuser.me/api/portraits/men/90.jpg
29,5,Anita-Soraia Vaz,Vendedor,22,3.12,132,Almada,https://randomuser.me/api/portraits/men/17.jpg
30,3,Eduardo Soares-Antunes,Vendedor,36,1.98,143,Cascais,https://randomuser.me/api/portraits/women/81.jpg
31,5,Mia Martins,Gerente,29,2.67,105,Mira,https://randomuser.me/api/portraits/men/31.jpg
32,5,Letícia Martins,Gerente,20,2.58,54,Lisboa,https://randomuser.me/api/portraits/women/66.jpg
33,4,Naiara de Leal,Operário,24,3.36,28,Ponte da Barca,https://randomuser.me/api/portraits/men/72.jpg
34,1,Petra Carvalho,Gerente,20,3.33,128,São Brás de Alportel,https://randomuser.me/api/portraits/women/53.jpg
35,2,Daniel Gaspar,Vendedor,36,1.05,161,Pombal,https://randomuser.me/api/portraits/women/97.jpg
36,2,Joana Abreu,Vendedor,20,4.78,92,Lajes do Pico,https://randomuser.me/api/portraits/women/30.jpg
37,5,Renato Assunção,Vendedor,38,3.24,172,Vouzela,https://randomuser.me/api/portraits/women/98.jpg
38,5,Gonçalo Figueiredo-Pacheco,Gerente,22,3.83,86,Olhão,https://randomuser.me/api/portraits/women/24.jpg
39,2,Matias Correia,Vendedor,39,2.99,23,Mortágua,https://randomuser.me/api/portraits/men/92.jpg
40,1,Diana Nascimento,Gerente,27,4.32,164,Barrancos,https://randomuser.me/api/portraits/men/25.jpg
41,2,Iara Ferreira,Gerente,40,1.48,143,Beja,https://randomuser.me/api/portraits/women/17.jpg
42,5,Alexandra Maia,Vendedor,24,2.03,190,Ribeira Grande,https://randomuser.me/api/portraits/men/2.jpg
43,4,Fernando Gaspar,Operário,20,3.34,176,Silves,https://randomuser.me/api/portraits/men/99.jpg
44,3,Violeta Gomes,Gerente,20,1.93,143,Vidigueira,https://randomuser.me/api/portraits/men/31.jpg
45,2,Anita Lourenço,Vendedor,26,1.61,21,Penamacor,https://randomuser.me/api/portraits/women/44.jpg
46,1,Eduarda Vieira,Operário,38,1.91,40,Paredes,https://randomuser.me/api/portraits/women/43.jpg
47,1,Vera-Fabiana Oliveira,Operário,33,4.12,182,Moura,https://randomuser.me/api/portraits/men/36.jpg
48,4,Sebastião Barros,Gerente,37,3.97,136,Leiria,https://randomuser.me/api/portraits/women/45.jpg
49,1,Helena Esteves,Vendedor,28,3.62,114,Machico,https://randomuser.me/api/portraits/women/66.jpg
50,5,Nair de Gomes,Vendedor,37,3.2,64,Velas,https://randomuser.me/api/portraits/women/10.jpg
51,3,Vera Nunes,Gerente,26,4.51,75,Serpa,https://randomuser.me/api/portraits/men/59.jpg
52,4,Erica-Luana Esteves,Caixa,22,2.01,117,Grândola,https://randomuser.me/api/portraits/women/23.jpg
53,4,Vasco Silva,Operário,26,2.74,70,Valongo,https://randomuser.me/api/portraits/men/9.jpg
54,1,Martim Teixeira,Operário,36,1.5,59,Monção,https://randomuser.me/api/portraits/men/7.jpg
55,1,Júlia Antunes,Caixa,36,2.19,32,Santiago do Cacém,https://randomuser.me/api/portraits/men/73.jpg
56,1,Inês-Naiara Moura,Gerente,22,3.01,195,Lousã,https://randomuser.me/api/portraits/men/29.jpg
57,5,João Marques,Operário,29,3.92,42,Barcelos,https://randomuser.me/api/portraits/men/76.jpg
58,4,Kévim Vicente,Operário,23,1.98,191,Mora,https://randomuser.me/api/portraits/men/31.jpg
59,3,Valentina da Baptista,Gerente,27,2.94,78,Almodôvar,https://randomuser.me/api/portraits/women/1.jpg
60,4,Íris Maia-Cardoso,Caixa,22,3.24,124,Celorico de Basto,https://randomuser.me/api/portraits/women/16.jpg
61,2,Marcos Branco,Gerente,25,3.72,93,S. Pedro do Sul,https://randomuser.me/api/portraits/men/86.jpg
62,1,Paulo Costa-Pinheiro,Caixa,35,2.11,178,Amares,https://randomuser.me/api/portraits/women/58.jpg
63,5,Paulo do Neves,Gerente,24,2.68,72,Mértola,https://randomuser.me/api/portraits/women/73.jpg
64,5,Isaac Esteves,Vendedor,32,4.92,17,Vila Verde,https://randomuser.me/api/portraits/men/57.jpg
65,5,Isabel de Martins,Caixa,38,3.98,91,Portimão,https://randomuser.me/api/portraits/men/82.jpg
66,4,Erica Faria,Caixa,34,1.11,114,Vila Real de Santo António,https://randomuser.me/api/portraits/men/29.jpg
67,4,Xavier Anjos,Gerente,26,2.71,126,São Brás de Alportel,https://randomuser.me/api/portraits/women/48.jpg
68,5,Pilar de Sousa,Operário,36,3.78,31,Loulé,https://randomuser.me/api/portraits/women/33.jpg
69,4,Rodrigo Magalhães,Operário,31,2.12,51,Monção,https://randomuser.me/api/portraits/women/39.jpg
70,5,Yasmin Simões,Caixa,31,2.15,84,Almada,https://randomuser.me/api/portraits/men/99.jpg
71,3,Ariana-Luana Miranda,Caixa,27,4.06,71,Monchique,https://randomuser.me/api/portraits/men/44.jpg
72,4,André Araújo,Gerente,22,1.45,186,Cascais,https://randomuser.me/api/portraits/women/1.jpg
73,1,Gaspar Tavares,Caixa,32,2.38,194,Vizela,https://randomuser.me/api/portraits/women/51.jpg
74,3,Ivan Torres,Operário,29,3.85,169,Tavira,https://randomuser.me/api/portraits/men/78.jpg
75,2,Márcio Rodrigues,Gerente,27,2.32,97,Cuba,https://randomuser.me/api/portraits/men/91.jpg
76,2,Lourenço Rodrigues,Operário,20,1.14,187,Alcochete,https://randomuser.me/api/portraits/men/74.jpg
77,2,Bárbara-Alícia Barbosa,Vendedor,22,3.27,46,Ílhavo,https://randomuser.me/api/portraits/men/65.jpg
78,3,Hugo Maia,Operário,28,4.01,99,Lajes das Flores,https://randomuser.me/api/portraits/men/90.jpg
79,5,Larissa Antunes,Vendedor,37,2.22,105,Mealhada,https://randomuser.me/api/portraits/men/36.jpg
80,1,Nair Castro,Caixa,30,2.71,177,Ferreira do Alentejo,https://randomuser.me/api/portraits/men/40.jpg
81,1,Miriam Matos,Vendedor,39,1.42,177,Azambuja,https://randomuser.me/api/portraits/women/85.jpg
82,1,Lisandro do Cardoso,Vendedor,29,2.8,169,Vila do Bispo,https://randomuser.me/api/portraits/men/24.jpg
83,3,Álvaro Gomes,Caixa,39,3.51,129,Cabeceiras de Basto,https://randomuser.me/api/portraits/women/11.jpg
84,5,Raquel Silva,Operário,25,2.27,161,Loulé,https://randomuser.me/api/portraits/men/54.jpg
85,1,Gaspar Barbosa,Gerente,32,4.14,94,Vila Nova de Cerveira,https://randomuser.me/api/portraits/men/82.jpg
86,2,Isabel Monteiro,Operário,37,2.1,174,Aljezur,https://randomuser.me/api/portraits/women/78.jpg
87,4,Micael Melo,Caixa,34,4.14,84,Mafra,https://randomuser.me/api/portraits/women/39.jpg
88,5,Francisca Araújo,Vendedor,39,2.82,66,Castro Verde,https://randomuser.me/api/portraits/men/83.jpg
89,3,Hugo Ferreira,Caixa,38,2.3,103,Sousel,https://randomuser.me/api/portraits/men/85.jpg
90,5,Teresa Figueiredo-Castro,Vendedor,36,2.0,68,Lagoa,https://randomuser.me/api/portraits/women/66.jpg
91,3,Leonor-Amélia Gomes,Caixa,26,4.18,104,Horta,https://randomuser.me/api/portraits/women/28.jpg
92,3,Tiago Monteiro-Sousa,Operário,26,4.25,35,Cartaxo,https://randomuser.me/api/portraits/men/85.jpg
93,4,Bárbara Fonseca,Caixa,31,2.95,29,Barreiro,https://randomuser.me/api/portraits/men/30.jpg
94,1,Vera Carneiro,Gerente,29,4.24,156,Paredes de Coura,https://randomuser.me/api/portraits/men/5.jpg
95,5,Pilar Pinho,Operário,31,1.22,79,Barrancos,https://randomuser.me/api/portraits/women/48.jpg
96,2,Vicente Anjos,Caixa,33,2.84,59,Águeda,https://randomuser.me/api/portraits/men/76.jpg
97,3,Mara-Marta Tavares,Gerente,26,3.13,57,Angra do Heroísmo,https://randomuser.me/api/portraits/men/36.jpg
98,4,Flor Morais,Operário,32,2.71,37,Vila Real,https://randomuser.me/api/portraits/men/48.jpg
99,4,Raquel Batista,Gerente,31,4.63,78,Santa Cruz das Flores,https://randomuser.me/api/portraits/women/35.jpg
100,4,Mia Correia,Caixa,31,4.61,185,Velas,https://randomuser.me/api/portraits/men/20.jpg
101,3,Eduardo Figueiredo-Leite,Operário,34,4.76,160,Cadaval,https://randomuser.me/api/portraits/women/59.jpg
102,5,Isabel Soares,Caixa,32,3.86,81,Almodôvar,https://randomuser.me/api/portraits/women/25.jpg
103,3,Daniel do Gonçalves,Caixa,39,2.37,171,Mafra,https://randomuser.me/api/portraits/men/44.jpg
104,4,Pilar Macedo,Vendedor,22,2.73,58,Mafra,https://randomuser.me/api/portraits/men/62.jpg
105,4,Camila Almeida-Anjos,Gerente,40,3.73,197,Arruda dos Vinhos,https://randomuser.me/api/portraits/men/46.jpg
106,2,Larissa Gaspar,Vendedor,22,2.14,170,Baião,https://randomuser.me/api/portraits/men/43.jpg
107,4,Gabriela da Azevedo,Operário,32,2.53,121,Vila Franca de Xira,https://randomuser.me/api/portraits/women/93.jpg
108,3,Erica Almeida,Gerente,34,3.94,196,Castro Marim,https://randomuser.me/api/portraits/women/7.jpg
109,3,Eduardo Costa-Borges,Vendedor,26,2.08,196,Paços de Ferreira,https://randomuser.me/api/portraits/men/21.jpg
110,1,Luca da Torres,Gerente,32,1.23,22,Beja,https://randomuser.me/api/portraits/women/82.jpg
111,4,Júlia Pinho,Vendedor,28,4.74,136,Santa Cruz das Flores,https://randomuser.me/api/portraits/men/70.jpg
112,4,Anita Borges,Gerente,22,2.59,137,Évora,https://randomuser.me/api/portraits/men/17.jpg
113,4,Salomé Anjos,Caixa,27,4.25,116,Vila do Porto,https://randomuser.me/api/portraits/men/85.jpg
114,2,Jorge Simões,Caixa,29,4.77,35,Loures,https://randomuser.me/api/portraits/men/78.jpg
115,5,Vera-Daniela Jesus,Gerente,35,3.48,26,Azambuja,https://randomuser.me/api/portraits/women/50.jpg
116,1,Isabel Pires,Operário,29,2.99,38,Porto,https://randomuser.me/api/portraits/men/76.jpg
117,3,Ana Valente,Operário,22,2.69,127,Cuba,https://randomuser.me/api/portraits/women/46.jpg
118,3,Mara Marques,Gerente,22,4.2,38,Penafiel,https://randomuser.me/api/portraits/women/65.jpg
119,2,Igor Jesus,Operário,34,2.91,129,Ovar,https://randomuser.me/api/portraits/men/28.jpg
120,4,José Morais,Caixa,35,3.54,32,Arruda dos Vinhos,https://randomuser.me/api/portraits/men/88.jpg
121,4,Brian Baptista-Santos,Vendedor,30,3.64,92,Oliveira de Azeméis,https://randomuser.me/api/portraits/men/86.jpg
122,5,André Anjos,Caixa,37,1.74,181,Vila Franca do Campo,https://randomuser.me/api/portraits/women/17.jpg
123,1,Júlia Leal,Gerente,25,2.68,183,Ansião,https://randomuser.me/api/portraits/women/25.jpg
124,2,Leonardo da Faria,Vendedor,37,3.25,93,Barcelos,https://randomuser.me/api/portraits/men/75.jpg
125,2,Helena Nascimento-Machado,Gerente,37,4.26,68,Amares,https://randomuser.me/api/portraits/women/10.jpg
126,2,Érica Monteiro-Alves,Gerente,38,1.29,78,Cuba,https://randomuser.me/api/portraits/men/75.jpg
127,1,Mafalda Coelho,Caixa,26,2.22,125,Vagos,https://randomuser.me/api/portraits/women/3.jpg
128,1,Yara Garcia,Caixa,20,2.06,175,Santa Cruz das Flores,https://randomuser.me/api/portraits/men/0.jpg
129,3,Fernando Mota,Caixa,23,4.7,25,Sever do Vouga,https://randomuser.me/api/portraits/men/52.jpg
130,5,Samuel Ribeiro,Vendedor,21,1.6,174,Montijo,https://randomuser.me/api/portraits/men/36.jpg
131,3,Lara Gomes,Gerente,22,1.84,138,Vila Pouca de Aguiar,https://randomuser.me/api/portraits/men/50.jpg
132,1,Núria Carvalho,Gerente,31,4.08,80,Almeirim,https://randomuser.me/api/portraits/women/15.jpg
133,2,Irina Costa,Gerente,26,4.33,158,Horta,https://randomuser.me/api/portraits/men/42.jpg
134,1,Salomé Maia,Caixa,36,1.42,71,Sines,https://randomuser.me/api/portraits/women/77.jpg
135,2,Melissa da Anjos,Gerente,36,2.54,37,Aljustrel,https://randomuser.me/api/portraits/women/74.jpg
136,4,Rafael Lourenço,Caixa,31,2.12,155,Paredes,https://randomuser.me/api/portraits/women/51.jpg
137,3,Teresa Pinto,Operário,27,1.49,175,Alcochete,https://randomuser.me/api/portraits/women/27.jpg
138,3,Vítor Neto,Operário,30,1.96,11,Ponte de Lima,https://randomuser.me/api/portraits/women/83.jpg
139,3,Valentim Assunção,Operário,23,3.67,162,Amadora,https://randomuser.me/api/portraits/men/40.jpg
140,4,Hugo Nascimento,Operário,35,4.78,149,Castro Marim,https://randomuser.me/api/portraits/men/78.jpg
141,1,Constança do Monteiro,Gerente,35,4.68,73,Pedrógão Grande,https://randomuser.me/api/portraits/women/97.jpg
142,5,Iara Borges,Vendedor,21,3.56,75,Coimbra,https://randomuser.me/api/portraits/men/9.jpg
143,1,Dinis Mota,Vendedor,26,4.66,36,Vila do Corvo,https://randomuser.me/api/portraits/men/62.jpg
144,2,Rui de Abreu,Gerente,27,1.49,115,Palmela,https://randomuser.me/api/portraits/women/99.jpg
145,5,Simão Silva,Caixa,28,1.5,187,Nelas,https://randomuser.me/api/portraits/women/17.jpg
146,2,Mariana Baptista,Vendedor,33,3.53,67,Albergaria-a-Velha,https://randomuser.me/api/portraits/men/44.jpg
147,3,Madalena Rodrigues,Operário,39,2.74,183,Ponte de Lima,https://randomuser.me/api/portraits/men/79.jpg
148,3,Isabel Cardoso-Henriques,Vendedor,30,1.84,132,Évora,https://randomuser.me/api/portraits/women/34.jpg
149,3,Amélia Alves,Vendedor,37,1.97,108,Albergaria-a-Velha,https://randomuser.me/api/portraits/women/21.jpg
150,3,Eva do Moura,Caixa,26,4.66,98,Vila do Corvo,https://randomuser.me/api/portraits/women/24.jpg
151,1,Álvaro Leal,Caixa,40,4.35,191,Figueira da Foz,https://randomuser.me/api/portraits/men/58.jpg
152,2,Leandro Gaspar,Caixa,32,2.26,129,Benavente,https://randomuser.me/api/portraits/women/43.jpg
153,5,Renato Teixeira-Correia,Gerente,37,1.47,40,Benavente,https://randomuser.me/api/portraits/men/23.jpg
154,4,Mário Gomes,Gerente,38,4.93,48,Angra do Heroísmo,https://randomuser.me/api/portraits/women/88.jpg
155,4,Matias Neto,Caixa,34,1.97,164,Batalha,https://randomuser.me/api/portraits/men/11.jpg
156,4,Joaquim Macedo,Gerente,23,1.59,31,Machico,https://randomuser.me/api/portraits/women/3.jpg
157,5,Luciana Anjos-Costa,Vendedor,37,2.9,200,Oeiras,https://randomuser.me/api/portraits/men/25.jpg
158,1,Manuel Matias,Operário,32,2.49,28,Sever do Vouga,https://randomuser.me/api/portraits/women/87.jpg
159,5,Carolina Macedo,Caixa,35,4.49,95,Beja,https://randomuser.me/api/portraits/men/52.jpg
160,5,Santiago Esteves,Gerente,37,3.65,70,Ponta Delgada,https://randomuser.me/api/portraits/men/10.jpg
161,3,Sara Barros,Caixa,26,3.31,99,Estremoz,https://randomuser.me/api/portraits/men/13.jpg
162,1,Vicente Ferreira,Caixa,26,4.45,25,Vila do Corvo,https://randomuser.me/api/portraits/men/54.jpg
163,2,Petra da Barbosa,Vendedor,39,2.56,74,Alcanena,https://randomuser.me/api/portraits/women/6.jpg
164,4,Ângelo Fernandes-Ribeiro,Operário,31,3.21,97,Penedono,https://randomuser.me/api/portraits/women/7.jpg
165,3,Juliana Costa,Caixa,21,1.77,18,Vagos,https://randomuser.me/api/portraits/men/45.jpg
166,1,Raquel Andrade,Caixa,36,4.38,151,Beja,https://randomuser.me/api/portraits/men/70.jpg
167,5,Ivan Macedo,Vendedor,22,4.93,115,Santa Cruz da Graciosa,https://randomuser.me/api/portraits/men/59.jpg
168,5,Erika Tavares,Vendedor,26,1.91,71,Baião,https://randomuser.me/api/portraits/women/67.jpg
169,3,Camila Freitas,Vendedor,29,4.92,27,Monchique,https://randomuser.me/api/portraits/men/25.jpg
170,1,Nair Morais,Gerente,37,2.95,37,Fafe,https://randomuser.me/api/portraits/women/65.jpg
171,2,Violeta da Marques,Caixa,22,4.09,119,Évora,https://randomuser.me/api/portraits/men/79.jpg
172,2,Denis Ramos,Operário,20,2.62,182,Reguengos de Monsaraz,https://randomuser.me/api/portraits/women/95.jpg
173,2,Joel Pinto,Vendedor,20,2.55,29,Castro Marim,https://randomuser.me/api/portraits/men/30.jpg
174,3,Artur Santos,Gerente,24,3.57,110,Pampilhosa da Serra,https://randomuser.me/api/portraits/men/70.jpg
175,5,Ariana Pinto,Operário,27,4.78,48,Beja,https://randomuser.me/api/portraits/women/26.jpg
176,1,Ivan Torres,Gerente,21,1.82,176,Vila do Porto,https://randomuser.me/api/portraits/men/43.jpg
177,4,Micael Costa,Vendedor,24,2.55,134,Condeixa-a-Nova,https://randomuser.me/api/portraits/women/53.jpg
178,4,Benjamim Torres,Vendedor,29,2.89,85,Vila do Bispo,https://randomuser.me/api/portraits/men/77.jpg
179,1,Letícia Figueiredo,Caixa,26,4.51,121,Arraiolos,https://randomuser.me/api/portraits/women/94.jpg
180,2,Leandro Costa-Lima,Vendedor,30,4.94,142,São Brás de Alportel,https://randomuser.me/api/portraits/women/96.jpg
181,5,Tomás Pinto,Caixa,36,2.85,47,Amadora,https://randomuser.me/api/portraits/women/77.jpg
182,4,Luana Macedo,Gerente,28,2.15,19,Batalha,https://randomuser.me/api/portraits/women/1.jpg
183,1,Anita Jesus-Castro,Vendedor,31,1.65,127,Águeda,https://randomuser.me/api/portraits/men/7.jpg
184,3,Mário de Antunes,Operário,24,1.36,112,Santa Cruz das Flores,https://randomuser.me/api/portraits/men/37.jpg
185,3,Lúcia Castro,Caixa,22,2.16,130,Braga,https://randomuser.me/api/portraits/men/28.jpg
186,2,Sérgio Costa,Caixa,26,2.52,145,Ourem,https://randomuser.me/api/portraits/men/72.jpg
187,2,Carlota-Caetana Fernandes,Caixa,37,2.01,129,Santa Cruz da Graciosa,https://randomuser.me/api/portraits/men/3.jpg
188,5,Gabriel Paiva,Caixa,28,3.71,43,Lagoa,https://randomuser.me/api/portraits/women/93.jpg
189,1,Rafael Macedo-Miranda,Vendedor,33,1.48,94,Vila Viçosa,https://randomuser.me/api/portraits/men/10.jpg
190,1,Artur Campos,Vendedor,22,3.79,186,Olhão,https://randomuser.me/api/portraits/women/13.jpg
191,5,Nelson do Moura,Vendedor,33,2.83,165,Alcácer do Sal,https://randomuser.me/api/portraits/women/80.jpg
192,2,Eva Ribeiro,Operário,32,3.28,157,Moura,https://randomuser.me/api/portraits/women/28.jpg
193,5,Andreia Alves,Caixa,23,1.95,143,Murtosa,https://randomuser.me/api/portraits/men/43.jpg
194,5,Jorge Santos,Vendedor,37,4.28,101,Santiago do Cacém,https://randomuser.me/api/portraits/men/31.jpg
195,1,Clara Esteves,Gerente,22,1.84,103,Loures,https://randomuser.me/api/portraits/men/72.jpg
196,2,Valentim Anjos,Vendedor,38,3.36,73,Felgueiras,https://randomuser.me/api/portraits/women/71.jpg
197,5,Inês Torres,Gerente,33,1.33,108,Grândola,https://randomuser.me/api/portraits/men/85.jpg
198,2,Helena Pinho-Carneiro,Vendedor,29,1.6,193,Angra do Heroísmo,https://randomuser.me/api/portraits/women/40.jpg
199,3,Mateus Reis,Vendedor,22,1.6,77,Coruche,https://randomuser.me/api/portraits/women/61.jpg
200,5,Ema da Reis,Caixa,22,1.83,135,Lisboa,https://randomuser.me/api/portraits/women/61.jpg
201,5,Tiago Martins,Caixa,40,3.99,90,Odivelas,https://randomuser.me/api/portraits/women/1.jpg
202,4,Beatriz Sousa,Operário,39,2.82,148,Redondo,https://randomuser.me/api/portraits/men/43.jpg
203,1,Noa Pacheco,Operário,23,3.91,83,Ourique,https://randomuser.me/api/portraits/men/59.jpg
204,4,Francisco Reis,Caixa,34,4.93,144,Alvaiázere,https://randomuser.me/api/portraits/women/65.jpg
205,3,Eva Leal,Operário,26,1.79,29,Sesimbra,https://randomuser.me/api/portraits/women/79.jpg
206,2,Cristiano Leal-Henriques,Gerente,34,4.93,105,Vendas Novas,https://randomuser.me/api/portraits/men/95.jpg
207,1,Afonso da Gomes,Gerente,33,1.79,92,Vila do Bispo,https://randomuser.me/api/portraits/women/78.jpg
208,1,Nair Gonçalves,Gerente,39,4.78,69,São Brás de Alportel,https://randomuser.me/api/portraits/men/24.jpg
209,4,Matias da Borges,Operário,27,3.78,44,Tavira,https://randomuser.me/api/portraits/men/35.jpg
210,4,Sebastião Torres,Vendedor,27,4.11,110,Sintra,https://randomuser.me/api/portraits/women/82.jpg
211,5,Renata-Catarina Oliveira,Vendedor,34,3.75,64,Lagoa,https://randomuser.me/api/portraits/women/84.jpg
212,3,Amélia Vicente,Gerente,38,3.14,10,Almada,https://randomuser.me/api/portraits/women/98.jpg
213,3,Lia Castro-Macedo,Vendedor,22,3.05,193,Odemira,https://randomuser.me/api/portraits/women/95.jpg
214,3,Vitória Ribeiro,Vendedor,29,3.32,90,Santa Maria da Feira,https://randomuser.me/api/portraits/men/44.jpg
215,3,Tatiana Faria-Paiva,Operário,29,3.6,159,Alenquer,https://randomuser.me/api/portraits/women/66.jpg
216,4,Sebastião Correia,Gerente,28,4.93,68,Alvito,https://randomuser.me/api/portraits/men/67.jpg
217,4,Caetana Soares-Lopes,Vendedor,25,2.67,77,Ferreira do Alentejo,https://randomuser.me/api/portraits/women/88.jpg
218,2,Filipa do Paiva,Operário,37,1.73,132,Angra do Heroísmo,https://randomuser.me/api/portraits/men/8.jpg
219,4,Duarte Neto-Baptista,Vendedor,23,2.33,13,Sintra,https://randomuser.me/api/portraits/women/67.jpg
220,4,Clara Tavares-Reis,Vendedor,39,4.97,42,Ribeira Grande,https://randomuser.me/api/portraits/women/19.jpg
221,5,Edgar do Henriques,Operário,30,4.07,133,Sobral de Monte Agraço,https://randomuser.me/api/portraits/women/95.jpg
222,5,Luciana Monteiro,Gerente,39,4.64,73,Amarante,https://randomuser.me/api/portraits/women/89.jpg
223,5,Filipe Lopes,Operário,27,2.59,66,Tavira,https://randomuser.me/api/portraits/men/80.jpg
224,4,Frederico Nogueira,Gerente,21,3.83,28,Faro,https://randomuser.me/api/portraits/women/45.jpg
225,4,Lara Antunes,Caixa,31,4.8,178,Amarante,https://randomuser.me/api/portraits/women/5.jpg
226,4,Igor Jesus,Vendedor,21,1.58,194,Mogadouro,https://randomuser.me/api/portraits/men/78.jpg
227,3,Joaquim Baptista,Vendedor,39,1.57,14,Santa Cruz da Graciosa,https://randomuser.me/api/portraits/men/9.jpg
228,1,Alexandra Carneiro,Caixa,40,1.98,144,Azambuja,https://randomuser.me/api/portraits/women/42.jpg
229,2,Afonso Costa-Loureiro,Gerente,31,1.38,31,Tavira,https://randomuser.me/api/portraits/men/3.jpg
230,5,Jorge Castro,Operário,32,4.82,141,Albufeira,https://randomuser.me/api/portraits/men/22.jpg
231,4,Gonçalo Lopes,Gerente,21,3.99,120,Ourique,https://randomuser.me/api/portraits/women/78.jpg
232,4,Camila Santos,Gerente,21,3.83,93,Lagos,https://randomuser.me/api/portraits/men/61.jpg
233,5,Raquel Lourenço,Vendedor,27,4.82,139,Penafiel,https://randomuser.me/api/portraits/men/56.jpg
234,3,Erica Lopes,Vendedor,40,2.69,50,Grândola,https://randomuser.me/api/portraits/men/21.jpg
235,3,Carminho Leite,Gerente,31,2.71,137,Loulé,https://randomuser.me/api/portraits/men/8.jpg
236,1,Alexandre Barros-Matos,Vendedor,23,4.1,133,Espinho,https://randomuser.me/api/portraits/men/27.jpg
237,2,Bruna Alves,Caixa,38,4.85,125,Paredes,https://randomuser.me/api/portraits/men/82.jpg
238,4,Flor Miranda,Caixa,32,4.09,198,Pampilhosa da Serra,https://randomuser.me/api/portraits/women/59.jpg
239,4,Flor Carneiro,Operário,35,4.44,108,Penela,https://randomuser.me/api/portraits/men/64.jpg
240,3,Igor Cardoso,Vendedor,30,2.3,66,Ponte de Sor,https://randomuser.me/api/portraits/women/74.jpg
241,3,Samuel Nascimento,Operário,37,2.51,115,Vila do Bispo,https://randomuser.me/api/portraits/men/4.jpg
242,1,Naiara Baptista-Correia,Operário,31,3.03,163,Barrancos,https://randomuser.me/api/portraits/women/53.jpg
243,3,Noah Coelho,Caixa,20,2.38,196,Vila do Bispo,https://randomuser.me/api/portraits/men/46.jpg
244,4,Mateus Branco,Gerente,35,2.11,46,Lagos,https://randomuser.me/api/portraits/women/46.jpg
245,1,Ariana Mendes-Neto,Caixa,30,4.78,109,Vila do Bispo,https://randomuser.me/api/portraits/women/71.jpg
246,3,Fábio Pereira,Gerente,33,3.48,74,Arruda dos Vinhos,https://randomuser.me/api/portraits/women/94.jpg
247,5,César Nunes,Caixa,36,1.07,155,Caminha,https://randomuser.me/api/portraits/men/95.jpg
248,4,Jéssica Matias,Gerente,25,1.44,17,Castro Marim,https://randomuser.me/api/portraits/men/16.jpg
249,3,Bárbara Santos,Vendedor,21,2.6,177,Vila do Porto,https://randomuser.me/api/portraits/women/99.jpg
250,3,Amélia-Débora Soares,Caixa,37,3.86,27,Lajes das Flores,https://randomuser.me/api/portraits/men/66.jpg
251,5,Bruno Correia,Operário,34,3.54,199,Horta,https://randomuser.me/api/portraits/women/21.jpg
252,2,Filipe Esteves,Gerente,33,3.24,50,Santa Cruz da Graciosa,https://randomuser.me/api/portraits/women/35.jpg
253,4,Sebastião Sá,Caixa,28,1.65,57,Silves,https://randomuser.me/api/portraits/men/16.jpg
254,5,Erika Matos,Caixa,36,3.13,143,Cuba,https://randomuser.me/api/portraits/women/54.jpg
255,5,Emma Maia-Torres,Vendedor,36,2.05,148,Cascais,https://randomuser.me/api/portraits/men/95.jpg
256,3,Valentim Borges,Vendedor,23,1.17,173,Loulé,https://randomuser.me/api/portraits/men/67.jpg
257,2,Yara Loureiro,Caixa,27,1.52,135,Loulé,https://randomuser.me/api/portraits/men/43.jpg
258,3,Marta da Anjos,Gerente,26,3.2,111,Olhão,https://randomuser.me/api/portraits/men/53.jpg
259,5,Carolina Pacheco,Operário,20,2.22,19,Góis,https://randomuser.me/api/portraits/men/43.jpg
260,2,Inês Lima-Cruz,Caixa,23,3.21,148,São Brás de Alportel,https://randomuser.me/api/portraits/men/64.jpg
261,5,Nicole Leal,Gerente,21,1.85,61,Castro Marim,https://randomuser.me/api/portraits/men/50.jpg
262,3,Noah Alves,Gerente,40,3.44,31,Machico,https://randomuser.me/api/portraits/women/26.jpg
263,3,Sandro Vicente,Caixa,30,4.28,77,Cadaval,https://randomuser.me/api/portraits/women/94.jpg
264,5,Joana Gonçalves,Caixa,25,2.87,80,Alcácer do Sal,https://randomuser.me/api/portraits/men/91.jpg
265,4,Joel do Antunes,Caixa,39,1.08,35,Faro,https://randomuser.me/api/portraits/men/46.jpg
266,1,Ema Sá,Vendedor,26,1.75,66,Loures,https://randomuser.me/api/portraits/women/40.jpg
267,4,Mélanie Marques-Ferreira,Operário,20,3.64,198,Gouveia,https://randomuser.me/api/portraits/women/50.jpg
268,5,Ariana Gaspar,Gerente,23,1.37,156,Vila Verde,https://randomuser.me/api/portraits/men/1.jpg
269,1,Petra Pacheco,Caixa,35,1.9,29,Figueiró dos Vinhos,https://randomuser.me/api/portraits/women/35.jpg
270,5,Filipa Ferreira-Soares,Vendedor,27,3.32,85,Monchique,https://randomuser.me/api/portraits/women/74.jpg
271,4,Bárbara Magalhães,Vendedor,27,1.37,93,Vizela,https://randomuser.me/api/portraits/men/66.jpg
272,2,Miriam Rodrigues,Vendedor,38,2.59,164,Horta,https://randomuser.me/api/portraits/men/94.jpg
273,3,Ângelo Carvalho,Caixa,26,3.82,10,Sintra,https://randomuser.me/api/portraits/men/75.jpg
274,3,Luciana Matias-Guerreiro,Gerente,37,1.23,122,Funchal,https://randomuser.me/api/portraits/men/94.jpg
275,3,Jaime Magalhães,Gerente,25,2.0,94,Barcelos,https://randomuser.me/api/portraits/men/66.jpg
276,1,Benedita Mota,Operário,36,2.72,113,Santa Cruz da Graciosa,https://randomuser.me/api/portraits/men/25.jpg
277,5,Salomé Pires,Gerente,31,1.28,29,Évora,https://randomuser.me/api/portraits/men/58.jpg
278,3,Nuno Anjos,Caixa,33,2.31,135,Santiago do Cacém,https://randomuser.me/api/portraits/men/9.jpg
279,4,Eva Silva-Fonseca,Vendedor,38,3.37,195,Tavira,https://randomuser.me/api/portraits/men/27.jpg
280,3,Naiara Pinto,Gerente,38,3.03,29,Reguengos de Monsaraz,https://randomuser.me/api/portraits/women/96.jpg
281,5,Beatriz Jesus,Vendedor,25,4.96,158,Silves,https://randomuser.me/api/portraits/men/29.jpg
282,1,Vitória Cunha,Caixa,24,4.54,83,Vila Real de Santo António,https://randomuser.me/api/portraits/women/46.jpg
283,3,Ricardo Batista,Operário,23,3.82,92,Paços de Ferreira,https://randomuser.me/api/portraits/men/79.jpg
284,1,Mélanie Carneiro,Gerente,23,2.25,185,Vendas Novas,https://randomuser.me/api/portraits/women/27.jpg
285,3,Anita Ferreira,Caixa,32,4.39,104,Aveiro,https://randomuser.me/api/portraits/women/37.jpg
286,5,César Gonçalves-Soares,Gerente,23,1.37,155,Nelas,https://randomuser.me/api/portraits/men/15.jpg
287,1,Helena Guerreiro,Vendedor,23,2.73,188,Horta,https://randomuser.me/api/portraits/women/72.jpg
288,1,Inês-Salomé Freitas,Caixa,34,4.66,200,Ponte de Sor,https://randomuser.me/api/portraits/men/73.jpg
289,2,Micael Guerreiro,Vendedor,22,1.79,106,Pampilhosa da Serra,https://randomuser.me/api/portraits/men/32.jpg
290,1,Ivan Nunes,Gerente,28,2.48,191,Ponta Delgada,https://randomuser.me/api/portraits/women/69.jpg
291,4,Isaac Vaz,Vendedor,38,3.42,12,Arraiolos,https://randomuser.me/api/portraits/women/35.jpg
292,2,Valentim Nogueira,Gerente,20,2.94,12,Lagoa,https://randomuser.me/api/portraits/men/2.jpg
293,4,César Campos,Gerente,36,4.32,191,Alenquer,https://randomuser.me/api/portraits/men/79.jpg
294,2,Jaime do Pinto,Operário,27,3.37,131,Angra do Heroísmo,https://randomuser.me/api/portraits/men/99.jpg
295,1,Letícia Carneiro,Gerente,33,1.19,38,Viana do Alentejo,https://randomuser.me/api/portraits/women/31.jpg
296,3,Luísa Barbosa,Operário,23,3.33,120,Torres Vedras,https://randomuser.me/api/portraits/men/0.jpg
297,3,Kyara Mendes,Caixa,37,1.49,123,Ponte de Lima,https://randomuser.me/api/portraits/women/10.jpg
298,3,Kevin Neves-Martins,Gerente,25,3.17,86,Lisboa,https://randomuser.me/api/portraits/men/33.jpg
299,2,Márcio Monteiro,Gerente,36,4.31,88,Vila Franca de Xira,https://randomuser.me/api/portraits/women/20.jpg
300,5,Mauro Pacheco,Operário,35,2.84,132,Alcoutim,https://randomuser.me/api/portraits/women/39.jpg
301,3,Martim Carneiro,Gerente,24,3.03,160,Castanheira de Pêra,https://randomuser.me/api/portraits/women/85.jpg
302,2,Bruno Gomes,Vendedor,32,2.18,31,Estremoz,https://randomuser.me/api/portraits/men/92.jpg
303,3,Daniel Matias,Operário,38,4.34,41,Loures,https://randomuser.me/api/portraits/women/53.jpg
304,2,Irina da Borges,Operário,32,4.81,81,Benavente,https://randomuser.me/api/portraits/women/62.jpg
305,4,Inês da Sousa,Gerente,36,4.82,63,Moura,https://randomuser.me/api/portraits/women/78.jpg
306,2,Iara Branco,Caixa,40,3.83,71,Ovar,https://randomuser.me/api/portraits/women/81.jpg
307,4,Edgar Cardoso,Caixa,27,1.24,11,Oliveira do Hospital,https://randomuser.me/api/portraits/women/15.jpg
308,3,Íris Leite,Vendedor,29,2.66,17,Penedono,https://randomuser.me/api/portraits/men/3.jpg
309,2,Renata-Nair Paiva,Caixa,23,3.37,122,Cadaval,https://randomuser.me/api/portraits/women/55.jpg
310,1,André Neves,Vendedor,21,1.02,154,Alenquer,https://randomuser.me/api/portraits/men/89.jpg
311,4,Erica Nascimento,Gerente,38,1.37,108,Évora,https://randomuser.me/api/portraits/men/11.jpg
312,3,Marta Lima,Gerente,20,3.98,123,Albergaria-a-Velha,https://randomuser.me/api/portraits/women/13.jpg
313,2,Nelson Machado,Vendedor,35,4.81,74,Odemira,https://randomuser.me/api/portraits/women/27.jpg
314,4,Gustavo de Lima,Caixa,35,3.46,176,Ponta Delgada,https://randomuser.me/api/portraits/women/6.jpg
315,1,Márcio Moura,Vendedor,23,4.06,141,Sesimbra,https://randomuser.me/api/portraits/women/68.jpg
316,2,Eduarda Brito,Vendedor,24,2.92,176,Ponta Delgada,https://randomuser.me/api/portraits/women/0.jpg
317,3,Kevin Pacheco,Caixa,32,1.3,40,Montijo,https://randomuser.me/api/portraits/women/89.jpg
318,5,Marta Melo-Machado,Caixa,25,2.25,118,Vila Franca do Campo,https://randomuser.me/api/portraits/men/47.jpg
319,3,Kévim da Borges,Vendedor,31,4.23,162,Alcoutim,https://randomuser.me/api/portraits/women/11.jpg
320,2,Joel de Amaral,Operário,28,2.85,140,Vila Franca do Campo,https://randomuser.me/api/portraits/men/28.jpg
321,2,Kelly Mendes,Vendedor,37,2.97,176,Sines,https://randomuser.me/api/portraits/women/18.jpg
322,5,Tomás Castro-Barbosa,Caixa,31,3.22,115,Peniche,https://randomuser.me/api/portraits/women/17.jpg
323,1,Kyara-Rafaela Sousa,Operário,39,1.77,97,Paredes,https://randomuser.me/api/portraits/men/95.jpg
324,5,Frederico Marques,Gerente,25,3.85,94,Vila Franca do Campo,https://randomuser.me/api/portraits/men/88.jpg
325,3,Valentim Moreira,Caixa,33,4.66,143,Ribeira Grande,https://randomuser.me/api/portraits/men/29.jpg
326,1,Leandro Vaz,Caixa,40,3.08,98,Moura,https://randomuser.me/api/portraits/men/43.jpg
327,3,Júlia Vaz-Anjos,Caixa,40,3.63,113,Loures,https://randomuser.me/api/portraits/men/83.jpg
328,3,Noah Melo,Caixa,34,4.39,133,Ovar,https://randomuser.me/api/portraits/men/32.jpg
329,2,Mário Abreu,Gerente,25,3.52,119,Felgueiras,https://randomuser.me/api/portraits/men/45.jpg
330,1,Noa Teixeira-Pacheco,Caixa,38,2.21,182,Aveiro,https://randomuser.me/api/portraits/women/56.jpg
331,5,Margarida Figueiredo,Caixa,24,1.71,16,Palmela,https://randomuser.me/api/portraits/women/14.jpg
332,3,Gabriela Silva,Caixa,40,4.52,37,Benavente,https://randomuser.me/api/portraits/men/45.jpg
333,3,Matilde Miranda,Vendedor,30,1.95,73,Vila Nova de Cerveira,https://randomuser.me/api/portraits/women/38.jpg
334,5,Gonçalo Silva,Vendedor,33,4.25,79,Sesimbra,https://randomuser.me/api/portraits/women/40.jpg
335,3,Valentina Nascimento,Vendedor,24,3.15,52,Machico,https://randomuser.me/api/portraits/women/58.jpg
336,5,Matilde Amaral,Caixa,26,1.99,166,Mora,https://randomuser.me/api/portraits/women/60.jpg
337,3,Ariana Soares-Cunha,Caixa,28,4.77,138,Vila Franca do Campo,https://randomuser.me/api/portraits/men/46.jpg
338,2,Denis Borges,Gerente,35,2.82,26,Aveiro,https://randomuser.me/api/portraits/women/88.jpg
339,2,Rita Reis,Caixa,29,1.99,20,Lourinhã,https://randomuser.me/api/portraits/women/6.jpg
340,4,Diego da Baptista,Gerente,33,2.0,48,Cadaval,https://randomuser.me/api/portraits/women/3.jpg
341,4,Luna Paiva,Vendedor,25,3.69,70,Trofa,https://randomuser.me/api/portraits/men/26.jpg
342,5,Mia Melo,Operário,23,3.64,148,Porto de Mós,https://randomuser.me/api/portraits/women/91.jpg
343,3,Carolina-Madalena Miranda,Caixa,21,2.86,179,Bombarral,https://randomuser.me/api/portraits/women/3.jpg
344,1,Mafalda Santos,Vendedor,36,4.17,161,Ponta Delgada,https://randomuser.me/api/portraits/women/37.jpg
345,1,Miriam Jesus,Gerente,40,3.84,107,Moura,https://randomuser.me/api/portraits/women/51.jpg
346,4,Miriam Leal-Pires,Operário,40,4.0,10,Penela,https://randomuser.me/api/portraits/men/87.jpg
347,5,Isabela da Tavares,Gerente,40,1.2,149,Vila do Corvo,https://randomuser.me/api/portraits/men/97.jpg
348,1,Iara Magalhães,Caixa,34,3.88,40,Ponte de Sor,https://randomuser.me/api/portraits/men/83.jpg
349,2,Sérgio do Maia,Vendedor,27,1.33,20,Moita,https://randomuser.me/api/portraits/men/3.jpg
350,3,Gil Rodrigues,Gerente,26,3.7,66,Benavente,https://randomuser.me/api/portraits/men/80.jpg
351,2,Júlia do Pinheiro,Caixa,28,4.31,124,Espinho,https://randomuser.me/api/portraits/men/30.jpg
352,3,Lúcia-Daniela Nunes,Operário,22,4.77,96,Ribeira Grande,https://randomuser.me/api/portraits/women/82.jpg
353,2,Ismael de Assunção,Vendedor,22,3.57,116,Vila Nova de Gaia,https://randomuser.me/api/portraits/women/15.jpg
354,3,Tiago Lopes,Operário,22,3.98,153,Penela,https://randomuser.me/api/portraits/women/35.jpg
355,4,José Pinheiro,Gerente,37,3.34,132,Santo Tirso,https://randomuser.me/api/portraits/men/45.jpg
356,4,Alice Pinto,Caixa,33,1.39,180,Angra do Heroísmo,https://randomuser.me/api/portraits/men/75.jpg
357,4,Ana Neves,Vendedor,31,2.56,173,Aljezur,https://randomuser.me/api/portraits/men/26.jpg
358,2,Leonor-Erica Ramos,Operário,25,3.49,191,Cuba,https://randomuser.me/api/portraits/men/35.jpg
359,2,Samuel Sousa,Vendedor,39,1.18,152,Gouveia,https://randomuser.me/api/portraits/men/44.jpg
360,4,Mateus Sousa,Operário,34,3.53,25,Santa Cruz das Flores,https://randomuser.me/api/portraits/women/80.jpg
361,1,Isabela Henriques,Vendedor,24,4.0,194,Cabeceiras de Basto,https://randomuser.me/api/portraits/women/82.jpg
362,4,Irina de Pacheco,Gerente,27,2.65,16,Santa Maria da Feira,https://randomuser.me/api/portraits/men/78.jpg
363,5,Ivan Baptista,Vendedor,39,3.05,86,Beja,https://randomuser.me/api/portraits/women/32.jpg
364,3,Artur Nunes,Caixa,34,3.99,119,Mora,https://randomuser.me/api/portraits/women/62.jpg
365,2,Melissa Santos,Operário,30,3.93,105,Viana do Alentejo,https://randomuser.me/api/portraits/men/20.jpg
366,5,Cristiano Pereira,Gerente,29,2.57,188,Lagoa,https://randomuser.me/api/portraits/women/28.jpg
367,2,Alice Coelho,Operário,39,3.34,10,Valença,https://randomuser.me/api/portraits/men/53.jpg
368,3,Cláudio Brito,Vendedor,36,3.82,29,Sernancelhe,https://randomuser.me/api/portraits/women/99.jpg
369,3,Bryan Andrade,Caixa,26,3.35,75,Mangualde,https://randomuser.me/api/portraits/women/56.jpg
370,1,Bernardo Mota,Vendedor,25,4.42,128,Alenquer,https://randomuser.me/api/portraits/men/32.jpg
371,4,Daniela Freitas,Gerente,35,3.78,55,Ponta Delgada,https://randomuser.me/api/portraits/women/58.jpg
372,1,Bárbara Pacheco,Caixa,28,1.04,23,Albergaria-a-Velha,https://randomuser.me/api/portraits/women/23.jpg
373,1,Diego Magalhães,Vendedor,40,1.84,143,Velas,https://randomuser.me/api/portraits/women/92.jpg
374,3,Anita Lopes,Gerente,29,2.66,136,Lagos,https://randomuser.me/api/portraits/women/25.jpg
375,2,Emma Matias,Caixa,22,2.37,84,Tavira,https://randomuser.me/api/portraits/men/83.jpg
376,3,Débora Matos,Caixa,38,3.98,67,Esposende,https://randomuser.me/api/portraits/men/79.jpg
377,3,Rafaela Gomes-Borges,Gerente,28,3.65,161,Setúbal,https://randomuser.me/api/portraits/men/82.jpg
378,2,Andreia Fernandes-Matos,Vendedor,29,3.27,138,Sines,https://randomuser.me/api/portraits/men/60.jpg
379,1,Carlota Coelho-Oliveira,Vendedor,26,1.38,38,Portimão,https://randomuser.me/api/portraits/men/71.jpg
380,4,Mariana Neves,Caixa,25,1.47,178,Horta,https://randomuser.me/api/portraits/women/61.jpg
381,2,Maria Pinheiro,Caixa,37,3.02,19,Albufeira,https://randomuser.me/api/portraits/women/41.jpg
382,5,Clara Batista,Operário,25,4.3,135,Castanheira de Pêra,https://randomuser.me/api/portraits/women/27.jpg
383,3,Salomé Monteiro,Gerente,26,3.73,25,Fafe,https://randomuser.me/api/portraits/women/28.jpg
384,5,José do Marques,Gerente,37,3.34,67,Portimão,https://randomuser.me/api/portraits/women/31.jpg
385,1,Leandro Neves,Operário,35,4.08,189,Aljezur,https://randomuser.me/api/portraits/women/28.jpg
386,1,Débora Pacheco,Operário,34,4.48,47,Vila Franca do Campo,https://randomuser.me/api/portraits/men/95.jpg
387,1,Ângelo Ramos-Barbosa,Caixa,33,4.03,183,Celorico de Basto,https://randomuser.me/api/portraits/women/31.jpg
388,4,Marta Garcia,Operário,24,2.3,175,Setúbal,https://randomuser.me/api/portraits/men/49.jpg
389,1,Laura Jesus,Vendedor,23,4.37,84,Mora,https://randomuser.me/api/portraits/men/99.jpg
390,3,Pedro Mota,Caixa,39,4.27,19,Fafe,https://randomuser.me/api/portraits/women/35.jpg
391,5,Renata Castro,Vendedor,23,2.31,10,Vila do Bispo,https://randomuser.me/api/portraits/men/61.jpg
392,1,Daniela Anjos,Operário,21,4.05,57,Angra do Heroísmo,https://randomuser.me/api/portraits/women/37.jpg
393,5,Emma-Emma Henriques,Gerente,33,4.9,126,Celorico de Basto,https://randomuser.me/api/portraits/men/42.jpg
394,1,Kyara-Carolina Pinto,Gerente,33,1.35,57,Sintra,https://randomuser.me/api/portraits/men/83.jpg
395,5,Bianca de Azevedo,Operário,31,1.6,62,Ferreira do Alentejo,https://randomuser.me/api/portraits/women/0.jpg
396,4,Carlos da Soares,Caixa,32,2.91,120,Ílhavo,https://randomuser.me/api/portraits/men/6.jpg
397,1,Denis Vicente,Vendedor,39,3.27,188,Covilhã,https://randomuser.me/api/portraits/men/42.jpg
398,3,Fernando Figueiredo,Operário,34,4.58,146,Alcochete,https://randomuser.me/api/portraits/men/46.jpg
399,2,Luciana Ribeiro,Vendedor,34,1.71,50,Vila Franca do Campo,https://randomuser.me/api/portraits/men/91.jpg
400,2,Soraia Neto,Caixa,36,2.7,87,Santa Cruz das Flores,https://randomuser.me/api/portraits/women/47.jpg
401,3,Guilherme Melo,Caixa,38,1.28,186,Oeiras,https://randomuser.me/api/portraits/men/57.jpg
402,3,Salomé Baptista,Gerente,30,3.79,170,Sintra,https://randomuser.me/api/portraits/women/28.jpg
403,5,Helena Henriques,Operário,36,1.36,91,Melgaço,https://randomuser.me/api/portraits/women/3.jpg
404,1,Fabiana de Faria,Gerente,20,3.54,25,Cuba,https://randomuser.me/api/portraits/women/99.jpg
405,4,António do Paiva,Operário,30,4.97,135,Velas,https://randomuser.me/api/portraits/women/63.jpg
406,1,Ismael de Jesus,Gerente,32,4.51,68,Amarante,https://randomuser.me/api/portraits/men/58.jpg
407,3,Kévim Borges,Vendedor,33,2.64,51,Santa Cruz das Flores,https://randomuser.me/api/portraits/men/79.jpg
408,3,Amélia Baptista-Sá,Gerente,32,1.31,105,Vila do Bispo,https://randomuser.me/api/portraits/women/50.jpg
409,4,David Amaral-Rodrigues,Vendedor,34,4.18,31,Lisboa,https://randomuser.me/api/portraits/men/27.jpg
410,5,Iara Valente,Caixa,29,2.65,196,Vila Franca do Campo,https://randomuser.me/api/portraits/men/70.jpg
411,2,Daniel Teixeira,Operário,33,1.26,121,Oeiras,https://randomuser.me/api/portraits/women/37.jpg
412,2,Clara Machado,Gerente,28,3.2,63,Arouca,https://randomuser.me/api/portraits/men/98.jpg
413,5,Rodrigo da Monteiro,Gerente,31,2.96,109,Vila Real,https://randomuser.me/api/portraits/men/76.jpg
414,1,Pedro Leal,Gerente,30,1.99,81,Vila Real de Santo António,https://randomuser.me/api/portraits/men/18.jpg
415,1,Santiago Pinto-Gaspar,Operário,36,2.76,27,Miranda do Corvo,https://randomuser.me/api/portraits/men/13.jpg
416,4,Raquel Amaral-Abreu,Vendedor,38,2.08,121,Vila do Bispo,https://randomuser.me/api/portraits/women/19.jpg
417,2,Salomé Soares,Gerente,21,3.28,182,Guimarães,https://randomuser.me/api/portraits/women/29.jpg
418,3,Rita Azevedo,Caixa,26,2.53,40,Oliveira do Hospital,https://randomuser.me/api/portraits/women/8.jpg
419,5,Leonardo de Cruz,Operário,32,1.9,199,Loures,https://randomuser.me/api/portraits/women/35.jpg
420,2,Alícia Coelho,Vendedor,30,2.53,24,Portalegre,https://randomuser.me/api/portraits/women/27.jpg
421,3,Enzo Batista,Gerente,32,2.22,139,Ponta Delgada,https://randomuser.me/api/portraits/men/31.jpg
422,4,Eduarda de Guerreiro,Gerente,39,3.31,11,Vila do Porto,https://randomuser.me/api/portraits/men/26.jpg
423,1,Camila Carvalho,Gerente,28,2.64,75,Vila Pouca de Aguiar,https://randomuser.me/api/portraits/men/92.jpg
424,1,Afonso Barbosa,Gerente,39,4.47,84,Angra do Heroísmo,https://randomuser.me/api/portraits/men/57.jpg
425,2,Alexandre Coelho,Caixa,22,4.11,101,Santiago do Cacém,https://randomuser.me/api/portraits/men/23.jpg
426,3,Gonçalo Borges,Operário,22,2.98,45,Seixal,https://randomuser.me/api/portraits/men/0.jpg
427,3,Lucas Gaspar,Operário,37,3.63,48,Vila Franca do Campo,https://randomuser.me/api/portraits/men/50.jpg
428,4,Alexandra Coelho,Gerente,38,2.44,165,Anadia,https://randomuser.me/api/portraits/women/15.jpg
429,5,Joana Lima,Gerente,26,1.99,57,Lagoa,https://randomuser.me/api/portraits/women/35.jpg
430,1,Diogo Baptista,Operário,26,1.22,158,Azambuja,https://randomuser.me/api/portraits/men/11.jpg
431,3,Helena Torres,Caixa,40,1.61,190,Ponta Delgada,https://randomuser.me/api/portraits/men/36.jpg
432,1,Laura Lopes,Caixa,32,3.43,106,Vila Franca do Campo,https://randomuser.me/api/portraits/women/39.jpg
433,5,Amélia Assunção,Vendedor,24,3.55,20,Alcácer do Sal,https://randomuser.me/api/portraits/women/66.jpg
434,4,Carolina da Ribeiro,Gerente,25,3.17,68,Penafiel,https://randomuser.me/api/portraits/men/43.jpg
435,2,Artur Pinto,Caixa,22,1.41,103,Alcochete,https://randomuser.me/api/portraits/men/81.jpg
436,3,André Azevedo,Caixa,29,3.49,176,Vila Nova de Famalicão,https://randomuser.me/api/portraits/men/76.jpg
437,5,Bruna Oliveira,Caixa,39,1.85,98,Almodôvar,https://randomuser.me/api/portraits/women/96.jpg
438,5,Rui de Santos,Gerente,32,1.44,37,Portimão,https://randomuser.me/api/portraits/women/68.jpg
439,1,António Alves-Oliveira,Operário,34,2.03,54,Bragança,https://randomuser.me/api/portraits/men/33.jpg
440,1,Rafaela Nogueira,Vendedor,27,1.99,40,Ourique,https://randomuser.me/api/portraits/men/65.jpg
441,2,Edgar de Rocha,Gerente,36,3.81,99,Santa Cruz das Flores,https://randomuser.me/api/portraits/men/21.jpg
442,1,Isabel Machado,Gerente,37,1.38,151,Reguengos de Monsaraz,https://randomuser.me/api/portraits/men/9.jpg
443,5,Erika Mota,Caixa,27,2.72,50,Coruche,https://randomuser.me/api/portraits/men/32.jpg
444,2,António Vieira,Gerente,30,3.87,198,Silves,https://randomuser.me/api/portraits/women/38.jpg
445,4,André Ribeiro,Gerente,22,1.83,28,Cuba,https://randomuser.me/api/portraits/men/10.jpg
446,1,Miriam da Carneiro,Operário,28,4.15,174,Machico,https://randomuser.me/api/portraits/women/37.jpg
447,3,Daniel de Pires,Gerente,39,4.74,114,Almeirim,https://randomuser.me/api/portraits/women/23.jpg
448,2,Yara Andrade,Caixa,20,2.08,12,Seixal,https://randomuser.me/api/portraits/men/34.jpg
449,4,Melissa-Carolina Garcia,Caixa,32,2.64,41,Póvoa de Lanhoso,https://randomuser.me/api/portraits/women/99.jpg
450,2,Madalena do Magalhães,Vendedor,20,3.01,167,Lagoa,https://randomuser.me/api/portraits/men/43.jpg
451,3,Débora da Figueiredo,Caixa,26,1.28,50,Torres Vedras,https://randomuser.me/api/portraits/women/72.jpg
452,2,Kyara Teixeira-Mendes,Gerente,30,3.65,88,São Brás de Alportel,https://randomuser.me/api/portraits/men/62.jpg
453,5,Mauro Pacheco,Gerente,21,3.56,47,Barrancos,https://randomuser.me/api/portraits/women/83.jpg
454,1,Luna Cruz,Gerente,20,2.25,195,Olhão,https://randomuser.me/api/portraits/women/48.jpg
455,2,Emma de Mota,Caixa,30,4.94,186,Loulé,https://randomuser.me/api/portraits/women/77.jpg
456,1,Lucas Silva,Vendedor,32,1.56,40,Castro Marim,https://randomuser.me/api/portraits/women/59.jpg
457,5,Leandro Anjos,Gerente,25,1.95,60,Ourique,https://randomuser.me/api/portraits/men/47.jpg
458,5,Lúcia Fonseca,Operário,23,4.17,112,Velas,https://randomuser.me/api/portraits/women/79.jpg
459,5,Miguel Araújo,Gerente,33,3.28,116,Alcoutim,https://randomuser.me/api/portraits/men/10.jpg
460,5,Yasmin Andrade,Vendedor,32,2.91,62,Fafe,https://randomuser.me/api/portraits/women/17.jpg
461,1,Tiago do Pacheco,Operário,38,4.21,62,Vendas Novas,https://randomuser.me/api/portraits/men/39.jpg
462,5,Álvaro Carneiro,Operário,26,2.1,157,Celorico de Basto,https://randomuser.me/api/portraits/women/27.jpg
463,4,Lorena Santos,Operário,24,3.53,197,Olhão,https://randomuser.me/api/portraits/women/57.jpg
464,2,Edgar do Baptista,Vendedor,24,4.16,61,Olhão,https://randomuser.me/api/portraits/men/66.jpg
465,4,Alícia Moura,Operário,30,2.56,46,Barrancos,https://randomuser.me/api/portraits/women/66.jpg
466,4,Maria-Tatiana Almeida,Caixa,40,2.16,151,Mértola,https://randomuser.me/api/portraits/women/32.jpg
467,4,Mafalda Rodrigues,Gerente,34,1.85,159,Castro Marim,https://randomuser.me/api/portraits/women/70.jpg
468,4,Núria-Mariana Brito,Caixa,38,1.84,56,Vila Nova de Famalicão,https://randomuser.me/api/portraits/women/20.jpg
469,1,Lourenço Vieira,Vendedor,35,1.03,173,Caminha,https://randomuser.me/api/portraits/women/7.jpg
470,2,Luísa Costa,Caixa,31,3.09,132,S. Pedro do Sul,https://randomuser.me/api/portraits/men/74.jpg
471,3,Petra Mendes,Operário,21,2.09,117,Oliveira do Hospital,https://randomuser.me/api/portraits/women/91.jpg
472,5,Carolina Baptista-Gonçalves,Gerente,35,1.43,43,Horta,https://randomuser.me/api/portraits/men/23.jpg
473,2,Eva Matos,Gerente,31,1.95,108,Aljezur,https://randomuser.me/api/portraits/men/47.jpg
474,1,Gabriel Abreu,Operário,29,4.55,60,Alenquer,https://randomuser.me/api/portraits/men/43.jpg
475,5,Marco Cunha,Operário,28,2.5,149,Serpa,https://randomuser.me/api/portraits/men/57.jpg
476,4,Melissa Costa,Caixa,35,4.14,88,Loures,https://randomuser.me/api/portraits/women/96.jpg
477,4,Lorena Mota,Gerente,35,2.71,69,Alvito,https://randomuser.me/api/portraits/women/95.jpg
478,1,Victória Brito,Caixa,34,2.87,34,Guimarães,https://randomuser.me/api/portraits/women/8.jpg
479,2,Eduardo de Vaz,Caixa,28,4.59,138,Póvoa de Lanhoso,https://randomuser.me/api/portraits/women/31.jpg
480,2,Camila Henriques,Caixa,28,1.89,174,Celorico de Basto,https://randomuser.me/api/portraits/men/2.jpg
481,5,Alícia Moreira,Vendedor,32,4.32,78,Vila Real de Santo António,https://randomuser.me/api/portraits/women/59.jpg
482,5,Ema da Domingues,Vendedor,29,1.16,179,Amadora,https://randomuser.me/api/portraits/women/16.jpg
483,2,Valentim de Gomes,Vendedor,36,4.62,26,Cadaval,https://randomuser.me/api/portraits/women/82.jpg
484,3,Ismael Soares,Caixa,28,3.65,97,Sever do Vouga,https://randomuser.me/api/portraits/women/89.jpg
485,1,Rita Alves,Gerente,40,3.62,73,Ponte de Sor,https://randomuser.me/api/portraits/men/35.jpg
486,5,Bárbara Machado,Vendedor,22,2.72,178,Almodôvar,https://randomuser.me/api/portraits/women/15.jpg
487,2,Carminho-Carlota Vieira,Caixa,40,4.69,16,Paredes,https://randomuser.me/api/portraits/men/34.jpg
488,1,Jéssica Valente,Caixa,31,4.28,19,Ponte de Sor,https://randomuser.me/api/portraits/women/8.jpg
489,1,Eva Martins,Operário,39,4.96,60,Coruche,https://randomuser.me/api/portraits/women/10.jpg
490,3,Kyara da Araújo,Vendedor,29,4.82,79,Vila do Conde,https://randomuser.me/api/portraits/women/47.jpg
491,1,Mara Garcia,Caixa,20,4.71,92,Castro Verde,https://randomuser.me/api/portraits/women/25.jpg
492,2,Lorena Andrade-Faria,Caixa,32,1.24,148,Figueira da Foz,https://randomuser.me/api/portraits/women/75.jpg
493,3,Marco Carneiro,Caixa,31,2.05,191,Vila Franca do Campo,https://randomuser.me/api/portraits/men/45.jpg
494,2,Edgar Tavares-Monteiro,Gerente,25,3.91,106,Grândola,https://randomuser.me/api/portraits/men/3.jpg
495,5,Vasco Araújo,Operário,38,2.19,107,Barcelos,https://randomuser.me/api/portraits/men/64.jpg
496,2,Joaquim Vieira,Operário,36,4.1,174,Penacova,https://randomuser.me/api/portraits/women/17.jpg
497,3,Kyara Costa,Gerente,40,2.0,38,Vila do Porto,https://randomuser.me/api/portraits/women/23.jpg
498,1,Sebastião Andrade,Vendedor,37,4.97,152,Velas,https://randomuser.me/api/portraits/men/2.jpg
499,3,Rafael Branco,Gerente,32,1.3,16,Oliveira do Hospital,https://randomuser.me/api/portraits/men/73.jpg
500,5,André Freitas,Gerente,30,3.85,35,Horta,https://randomuser.me/api/portraits/women/39.jpg
